page_path,views,users,views_per_user,average_engagement_time,event_count,key_events,total_revenue
/hc/en-gb/articles/218032857,15109,13243,1.14090462886053,23.326436608019332,62821,0,0
/hc/en-gb/articles/360001316356,9978,7543,1.3228158557603076,31.8773697467851,39083,0,0
/hc/en-gb/articles/360000578455,6415,5057,1.2685386592841605,37.40794937710105,24569,0,0
/hc/en-gb,4945,2076,2.381984585741811,33.56791907514451,14022,0,0
/hc/en-gb/search,2403,597,4.025125628140704,36.56616415410385,7676,0,0
/hc/en-gb/articles/360001508515,2334,1650,1.4145454545454546,38.96121212121212,8644,0,0
/hc/en-gb/articles/360000584256,2162,1806,1.1971207087486158,50.01439645625692,8812,0,0
/hc/en-gb/articles/4407442866703,1336,1094,1.2212065813528337,33.11700182815356,5161,0,0
/hc/en-gb/articles/360000625535,1307,629,2.077901430842607,67.90779014308426,3296,0,0
/hc/en-gb/articles/360000470655,1288,1149,1.1209747606614446,23.618798955613578,5077,0,0
/hc/en-gb/articles/360000691716,1253,556,2.2535971223021583,84.46402877697842,3478,0,0
/hc/en-gb/articles/360000204076,1218,458,2.6593886462882095,227.55240174672488,3398,0,0
/hc/en-gb/articles/360001555615,1197,513,2.3333333333333335,84.46783625730994,3829,0,0
/hc/en-gb/requests,1163,573,2.0296684118673647,184.53228621291447,2835,0,0
/hc/en-gb/sections/360000034315,1109,487,2.277207392197125,23.166324435318277,2423,0,0
/hc/en-gb/articles/360001162856,1059,675,1.568888888888889,24.53925925925926,3495,0,0
/hc/en-gb/articles/360000684396,1030,430,2.395348837209302,86.52093023255814,2759,0,0
/hc/en-gb/sections/360000040076,995,406,2.4507389162561575,67.69211822660098,3161,0,0
/hc/en-gb/articles/360000625535,946,480,1.9708333333333334,76.8125,2145,0,0
/hc/en-gb/requests,876,337,2.599406528189911,27.661721068249257,1790,0,0
/hc/en-gb/sections/360000189716,810,369,2.1951219512195124,13.626016260162602,1825,0,0
/hc/en-gb/articles/360001471955,795,361,2.2022160664819945,97.34626038781164,2215,0,0
/hc/en-gb/articles/360000177256,745,386,1.9300518134715026,58.63989637305699,2065,0,0
/hc/en-gb/articles/4407442866703,717,545,1.3155963302752294,35.75596330275229,2660,0,0
/hc/en-gb/articles/360001580415,702,256,2.7421875,141.734375,2142,0,0
/hc/en-gb/sections/360000030876,672,332,2.0240963855421685,23.653614457831324,1447,0,0
/hc/en-gb/sections/360000040076,666,307,2.1693811074918568,85.17915309446254,1785,0,0
/hc/en-gb/articles/360001016335,654,302,2.165562913907285,79.50993377483444,1613,0,0
/hc/en-gb/signin,645,400,1.6125,0.4475,1391,0,0
/hc/en-gb/articles/4405623380751,630,326,1.9325153374233128,74.17484662576688,1998,0,0
/hc/en-gb/articles/360000903776,619,290,2.1344827586206896,67,1819,0,0
/hc/en-gb/articles/6623692647951,612,423,1.446808510638298,39.14420803782506,2462,0,0
/hc/en-gb/articles/360000584256,595,471,1.2632696390658174,54.28450106157113,2286,0,0
/hc/en-gb/articles/360001016335,567,266,2.1315789473684212,97.15413533834587,1400,0,0
/hc/en-gb/sections/360000278975,543,330,1.6454545454545455,8.584848484848484,1133,0,0
/hc/en-gb/articles/4600222769295,533,408,1.3063725490196079,41.23774509803921,1784,0,0
/hc/en-gb/sections/360000196195,522,334,1.562874251497006,14.919161676646707,1077,0,0
/hc/en-gb/articles/360000159715,521,282,1.8475177304964538,37.00709219858156,1467,0,0
/hc/en-gb/articles/207782537,520,214,2.4299065420560746,119.9766355140187,1415,0,0
/hc/en-gb/articles/360000163575,499,318,1.569182389937107,44.61635220125786,1386,0,0
/hc/en-gb/articles/360000470655,461,408,1.1299019607843137,28.855392156862745,1787,0,0
/hc/en-gb/articles/360000335995,457,279,1.6379928315412187,30.078853046594983,1254,0,0
/hc/en-gb/articles/360000203075,454,284,1.5985915492957747,57.13732394366197,1222,0,0
/hc/en-gb/articles/360000902955,447,358,1.2486033519553073,33.55307262569833,1769,0,0
/hc/en-gb/articles/4546820344079,442,333,1.3273273273273274,29.12012012012012,1781,0,0
/hc/en-gb/articles/360000684396,439,188,2.3351063829787235,82.01063829787235,1068,0,0
/hc/en-gb/articles/360000532595,435,382,1.138743455497382,19.42931937172775,1708,0,0
/hc/en-gb/articles/360000174976,426,222,1.9189189189189189,60.734234234234236,1199,0,0
/hc/en-gb/categories/360000013856,416,165,2.521212121212121,47.15151515151515,1001,0,0
/hc/en-gb/articles/360000159715,400,248,1.6129032258064515,23.056451612903224,1097,0,0
/hc/en-gb/articles/209338087,398,158,2.518987341772152,91.01898734177215,1209,0,0
/hc/en-gb/articles/360000174976,387,216,1.7916666666666667,48.68981481481482,1038,0,0
/hc/en-gb/articles/360000705196,375,267,1.404494382022472,51.11610486891386,1142,0,0
/hc/en-gb/articles/360000690275,374,217,1.7235023041474655,106.06912442396313,1124,0,0
/hc/en-gb/articles/360001343015,358,292,1.226027397260274,30.71232876712329,1401,0,0
/hc/en-gb/articles/360000997675,350,292,1.1986301369863013,48.93493150684932,1456,0,0
/hc/en-gb/articles/360001393596,344,179,1.9217877094972067,31.212290502793294,849,0,0
/hc/en-gb/articles/360000203075,338,211,1.6018957345971565,68.97630331753554,944,0,0
/hc/en-gb/sections/360000034335,330,211,1.5639810426540284,7.322274881516588,714,0,0
/hc/en-gb/articles/209379527,327,217,1.5069124423963134,65.33640552995392,1213,0,0
/hc/en-gb/sections/360000189696,326,216,1.5092592592592593,12.814814814814815,702,0,0
/hc/en-gb/articles/360001093315,321,239,1.3430962343096233,54.82426778242678,1124,0,0
/hc/en-gb/articles/360001169956,316,73,4.328767123287672,106.28767123287672,941,0,0
/hc/en-gb/articles/360000624696,309,153,2.019607843137255,76.02614379084967,947,0,0
/hc/en-gb/articles/360000578455,292,126,2.3174603174603177,75.22222222222223,702,0,0
/hc/en-gb/articles/360000360576,291,168,1.7321428571428572,28.791666666666668,811,0,0
/hc/en-gb/sections/360001189255,284,210,1.3523809523809525,19.947619047619046,643,0,0
/hc/en-gb/articles/360001125996,283,137,2.065693430656934,59.52554744525548,824,0,0
/hc/en-gb/articles/4963040656783,281,160,1.75625,56.21875,733,0,0
/hc/en-gb/articles/4830713922063,269,145,1.8551724137931034,31.76551724137931,830,0,0
/hc/en-gb/articles/360001107916,268,140,1.9142857142857144,68.09285714285714,783,0,0
/hc/en-gb/articles/360000335995,261,166,1.572289156626506,29.367469879518072,667,0,0
/hc/en-gb/articles/360004337836,261,173,1.5086705202312138,62.38728323699422,900,0,0
/hc/en-gb/articles/360001050575,258,173,1.4913294797687862,36.50867052023121,796,0,0
/hc/en-gb/categories/360000013856,252,137,1.8394160583941606,31.131386861313867,693,0,0
/hc/en-gb/articles/212642617,251,143,1.7552447552447552,58.87412587412587,813,0,0
/hc/en-gb/articles/4416692988047,250,131,1.9083969465648856,26.625954198473284,606,0,0
/hc/en-gb/articles/6367209795471,250,150,1.6666666666666667,48.78,683,0,0
/hc/en-gb/articles/360000201636,248,174,1.4252873563218391,36.39655172413793,713,0,0
/hc/en-gb/sections/360000040056,248,158,1.5696202531645569,18.537974683544302,528,0,0
/hc/en-gb/articles/212639047,240,137,1.7518248175182483,117.1094890510949,838,0,0
/hc/en-gb/sections/360000033936,237,169,1.4023668639053255,9.005917159763314,514,0,0
/hc/en-gb/articles/4414951820559,235,143,1.6433566433566433,87.66433566433567,798,0,0
/hc/en-gb/articles/213718027,232,154,1.5064935064935066,38.74025974025974,849,0,0
/hc/en-gb/sections/5203123172239,231,174,1.3275862068965518,7.954022988505747,475,0,0
/hc/en-gb/articles/360001555615,226,121,1.8677685950413223,62.05785123966942,565,0,0
/hc/en-gb/sections/360000164635,226,162,1.3950617283950617,10.691358024691358,471,0,0
/hc/en-gb/articles/360001075575,225,135,1.6666666666666667,34.592592592592595,537,0,0
/hc/en-gb/articles/360000743536,219,110,1.990909090909091,49.25454545454546,610,0,0
/hc/en-gb/articles/360000980375,214,91,2.3516483516483517,135.0879120879121,775,0,0
/hc/en-gb/articles/208619807,212,90,2.3555555555555556,98.1,709,0,0
/hc/en-gb/articles/360000474535,207,126,1.6428571428571428,48.98412698412698,544,0,0
/hc/en-gb/articles/360000621135,206,91,2.2637362637362637,37.26373626373626,659,0,0
/hc/en-gb/articles/360000810616,199,130,1.5307692307692307,47.37692307692308,649,0,0
/hc/en-gb/articles/360000624696,195,110,1.7727272727272727,65.92727272727272,562,0,0
/hc/en-gb/articles/360001523916,195,143,1.3636363636363635,160.37762237762237,589,0,0
/hc/en-gb/articles/360000990436,194,106,1.830188679245283,98.76415094339623,632,0,0
/hc/en-gb/articles/5203144566415,190,80,2.375,39.65,434,0,0
/hc/en-gb/sections/360000040596,187,108,1.7314814814814814,27.435185185185187,403,0,0
/hc/en-gb/articles/360001514795,186,158,1.1772151898734178,6.981012658227848,728,0,0
/hc/en-gb/sections/360000039036,183,123,1.4878048780487805,27.991869918699187,399,0,0
/hc/en-gb/sections/360000040036,182,130,1.4,6.6923076923076925,388,0,0
/hc/en-gb/sections/360001059296,182,132,1.378787878787879,12.280303030303031,383,0,0
/hc/en-gb/articles/360000570215,181,118,1.5338983050847457,76.42372881355932,492,0,0
/hc/en-gb/articles/360003584515,179,123,1.4552845528455285,17.43089430894309,491,0,0
/hc/en-gb/articles/4405170961039,179,87,2.057471264367816,62.85057471264368,572,0,0
/hc/en-gb/articles/360000568236,176,131,1.3435114503816794,83.2824427480916,540,0,0
/hc/en-gb/articles/360000719156,174,142,1.2253521126760563,45.91549295774648,701,0,0
/hc/en-gb/articles/4600222769295,172,138,1.2463768115942029,32.48550724637681,544,0,0
/hc/en-gb/articles/360000161315,169,115,1.4695652173913043,12.034782608695652,461,0,0
/hc/en-gb/articles/360000691716,168,116,1.4482758620689655,49.80172413793103,432,0,0
/hc/en-gb/articles/360001392636,168,110,1.5272727272727273,97.1,643,0,0
/hc/en-gb/articles/4414958674831,165,74,2.22972972972973,109.25675675675676,449,0,0
/hc/en-gb/articles/360000428676,163,89,1.8314606741573034,50.80898876404494,450,0,0
/hc/en-gb/articles/360000175735,158,128,1.234375,68.6875,403,0,0
/hc/en-gb/articles/360001385735,156,105,1.4857142857142858,95.82857142857142,420,0,0
/hc/en-gb/articles/360001050575,154,84,1.8333333333333333,55.023809523809526,368,0,0
/hc/en-gb/articles/360002558216,152,110,1.3818181818181818,71.13636363636364,539,0,0
/hc/en-gb/articles/360000428676,151,86,1.755813953488372,33.651162790697676,419,0,0
/hc/en-gb/articles/360000329015,149,98,1.5204081632653061,58.173469387755105,401,0,0
/hc/en-gb/articles/360000177256,147,102,1.4411764705882353,46.01960784313726,401,0,0
/hc/en-gb/articles/360001075575,147,95,1.5473684210526315,19.821052631578947,360,0,0
/hc/en-gb/articles/360002109696,145,79,1.8354430379746836,46.87341772151899,506,0,0
/hc/en-gb/articles/360001471955,143,93,1.5376344086021505,58.225806451612904,366,0,0
/hc/en-gb/articles/360001385735,141,90,1.5666666666666667,51.82222222222222,365,0,0
/hc/en-gb/articles/360000202196,140,104,1.3461538461538463,35.86538461538461,371,0,0
/hc/en-gb/articles/360001385735,136,101,1.3465346534653466,53.524752475247524,357,0,0
/hc/en-gb/articles/360000532595,135,120,1.125,15.891666666666667,525,0,0
/hc/en-gb/articles/360000624696,131,76,1.7236842105263157,120.51315789473684,322,0,0
/hc/en-gb/articles/360000903776,129,65,1.9846153846153847,54.723076923076924,341,0,0
/hc/en-gb/articles/360001208256,127,64,1.984375,85.890625,464,0,0
/hc/en-gb/articles/360000204076,126,81,1.5555555555555556,78.30864197530865,300,0,0
/hc/en-gb/articles/360001075975,125,98,1.2755102040816326,45.45918367346939,326,0,0
/hc/en-gb/articles/360001173875,125,107,1.1682242990654206,50.429906542056074,458,0,0
/hc/en-gb/articles/360000163575,122,92,1.326086956521739,36.05434782608695,299,0,0
/hc/en-gb/articles/360000621135,120,63,1.9047619047619047,34.285714285714285,385,0,0
/hc/en-gb/sections/360000278935,120,87,1.3793103448275863,16.64367816091954,261,0,0
/hc/en-gb/articles/360000216035,117,75,1.56,42.693333333333335,325,0,0
/hc/en-gb/sections/360000196195,116,83,1.3975903614457832,12.012048192771084,244,0,0
/hc/en-gb/articles/360000205656,114,85,1.3411764705882352,17.49411764705882,267,0,0
/hc/en-gb/articles/360001108756,113,91,1.2417582417582418,37.43956043956044,397,0,0
/hc/en-gb/articles/360000737555,112,90,1.2444444444444445,31.966666666666665,397,0,0
/hc/en-gb/sections/360000189696,107,73,1.4657534246575343,18.232876712328768,303,0,0
/hc/en-gb/articles/360000792856,106,58,1.8275862068965518,154.24137931034483,333,0,0
/hc/en-gb/articles/360000202196,105,80,1.3125,30.5,270,0,0
/hc/en-gb/articles/360000625535,105,69,1.5217391304347827,57.14492753623188,235,0,0
/hc/en-gb/articles/360000690275,105,58,1.8103448275862069,131.77586206896552,281,0,0
/hc/en-gb/articles/360000163695,104,78,1.3333333333333333,71.65384615384616,272,0,0
/hc/en-gb/articles/360000205435,104,77,1.3506493506493507,59.84415584415584,324,0,0
/hc/en-gb/articles/360001194536,104,93,1.118279569892473,38.88172043010753,392,0,0
/hc/en-gb/articles/4963040656783,104,64,1.625,52.859375,228,0,0
/hc/en-gb/articles/6367209795471,104,71,1.4647887323943662,36.267605633802816,254,0,0
/hc/en-gb/articles/360001008136,103,79,1.3037974683544304,87.70886075949367,298,0,0
/hc/en-gb/articles/8117557125391,100,59,1.694915254237288,105.47457627118644,265,0,0
/hc/en-gb/articles/360001075975,99,69,1.434782608695652,112.08695652173913,276,0,0
/hc/en-gb/articles/6529511928207,97,66,1.4696969696969697,52.28787878787879,404,0,0
/hc/en-gb/articles/360000817476,96,53,1.8113207547169812,40.698113207547166,222,0,0
/hc/en-gb/articles/360000693896,95,70,1.3571428571428572,37.57142857142857,229,0,0
/hc/en-gb/articles/360000693896,95,72,1.3194444444444444,26.805555555555557,254,0,0
/hc/en-gb/articles/360001514795,95,88,1.0795454545454546,9.068181818181818,374,0,0
/hc/en-gb/sections/360000040596,95,62,1.532258064516129,32.62903225806452,247,0,0
/hc/en-gb/articles/6008779241999,94,68,1.3823529411764706,34.544117647058826,286,0,0
/hc/en-gb/articles/360000931775,93,37,2.5135135135135136,38.67567567567568,274,0,0
/hc/en-gb/articles/7463891150863,93,55,1.690909090909091,133.0909090909091,301,0,0
/hc/en-gb/articles/360000217915,92,66,1.393939393939394,37.92424242424242,276,0,0
/hc/en-gb/articles/360000584256,92,48,1.9166666666666667,72.25,250,0,0
/hc/en-gb/articles/212457807,91,61,1.4918032786885247,43.31147540983606,315,0,0
/hc/en-gb/articles/360000743536,91,71,1.2816901408450705,79.67605633802818,223,0,0
/hc/en-gb/articles/360001584875,90,85,1.0588235294117647,12.811764705882354,363,0,0
/hc/contributions/comments,88,68,1.2941176470588236,1.9558823529411764,162,0,0
/hc/en-gb/articles/360000473256,88,80,1.1,9.05,340,0,0
/hc/en-gb/articles/360001244876,88,57,1.543859649122807,46.03508771929825,241,0,0
/hc/en-gb/articles/4563511601679,88,70,1.2571428571428571,13.657142857142857,229,0,0
/hc/en-gb/articles/360000751916,87,61,1.4262295081967213,48.40983606557377,244,0,0
/hc/en-gb/articles/360000925176,87,60,1.45,75.71666666666667,202,0,0
/hc/en-gb/articles/360000705196,86,76,1.131578947368421,42.276315789473685,242,0,0
/hc/en-gb/articles/360000925176,85,56,1.5178571428571428,68.08928571428571,236,0,0
/hc/en-gb/articles/360001413096,83,65,1.2769230769230768,34.06153846153846,188,0,0
/hc/en-gb/articles/4405623380751,83,55,1.509090909090909,48.654545454545456,254,0,0
/hc/en-gb/articles/4406437522703,83,68,1.2205882352941178,36.455882352941174,251,0,0
/hc/en-gb/categories/360000013836,82,60,1.3666666666666667,26.233333333333334,183,0,0
/hc/en-gb/articles/4407442866703,81,53,1.528301886792453,50.471698113207545,177,0,0
/hc/en-gb/articles/360000728016,80,58,1.3793103448275863,50.275862068965516,202,0,0
/hc/en-gb/articles/360001050575,80,69,1.1594202898550725,26.753623188405797,280,0,0
/hc/en-gb/articles/360000931775,75,52,1.4423076923076923,46.17307692307692,215,0,0
/hc/en-gb/articles/360001500156,75,57,1.3157894736842106,41.96491228070175,212,0,0
/hc/en-gb/articles/4406437522703,75,65,1.1538461538461537,42.84615384615385,221,0,0
/hc/en-gb/articles/6359601973135,75,49,1.530612244897959,56.46938775510204,206,0,0
/hc/en-gb/sections/360000034315,75,53,1.4150943396226414,12.283018867924529,210,0,0
/hc/en-gb/articles/360001176756,74,55,1.3454545454545455,42.61818181818182,215,0,0
/hc/en-gb/articles/360001287235,74,52,1.4230769230769231,36.05769230769231,292,0,0
/hc/en-gb/articles/360000216035,73,44,1.6590909090909092,27.613636363636363,181,0,0
/hc/en-gb/articles/4405623499791,73,49,1.489795918367347,56.53061224489796,205,0,0
/hc/en-gb/articles/7918332923023,73,35,2.085714285714286,20.97142857142857,218,0,0
/hc/en-gb/articles/360001113076,72,46,1.565217391304348,14.978260869565217,170,0,0
/hc/en-gb/categories/360000013836,71,47,1.5106382978723405,22.23404255319149,151,0,0
/hc/en-gb/articles/360001108756,70,54,1.2962962962962963,42.24074074074074,234,0,0
/hc/en-gb/articles/7918332923023,70,61,1.1475409836065573,16.0327868852459,256,0,0
/hc/en-gb/articles/360000175635,69,41,1.6829268292682926,39.80487804878049,200,0,0
/hc/en-gb/articles/360000810556,69,53,1.3018867924528301,57.509433962264154,246,0,0
/hc/en-gb/articles/360000817476,69,39,1.7692307692307692,22.846153846153847,180,0,0
/hc/en-gb/articles/4830713922063,69,38,1.8157894736842106,29.86842105263158,180,0,0
/hc/en-gb/requests,67,5,13.4,1159.6,159,0,0
/hc/en-gb/articles/360000728016,66,46,1.434782608695652,50.73913043478261,161,0,0
/hc/en-gb/articles/360000995575,66,59,1.11864406779661,50.779661016949156,257,0,0
/hc/en-gb/articles/360001113076,66,51,1.2941176470588236,18.901960784313726,145,0,0
/hc/en-gb/articles/360000163695,65,52,1.25,43.98076923076923,152,0,0
/hc/en-gb/articles/360000163695,65,41,1.5853658536585367,36.09756097560975,172,0,0
/hc/en-gb/articles/360001316356,65,50,1.3,52.02,160,0,0
/hc/en-gb/articles/6198499650703,65,41,1.5853658536585367,47.51219512195122,197,0,0
/hc/en-gb/subscriptions,65,53,1.2264150943396226,2.188679245283019,121,0,0
/hc/en-gb/articles/360000700295,64,40,1.6,62.75,187,0,0
/hc/en-gb/articles/360001173895,64,52,1.2307692307692308,94.51923076923077,190,0,0
/hc/en-gb/requests,64,3,21.333333333333332,1945.3333333333333,174,0,0
/hc/en-gb/articles/360000718515,63,35,1.8,48.31428571428572,238,0,0
/hc/en-gb/articles/360001070496,63,59,1.0677966101694916,37.186440677966104,247,0,0
/hc/en-gb/articles/5254610390415,63,38,1.6578947368421053,44.6578947368421,217,0,0
/hc/en-gb/articles/360000207315,62,51,1.2156862745098038,33.01960784313726,165,0,0
/hc/en-gb/articles/360000336076,62,40,1.55,52.2,158,0,0
/hc/en-gb/articles/360000751636,62,48,1.2916666666666667,15.375,159,0,0
/hc/en-gb/articles/8817840423439,62,29,2.1379310344827585,42.275862068965516,185,0,0
/hc/en-gb/articles/115001854444,61,33,1.8484848484848484,40.78787878787879,213,0,0
/hc/en-gb/articles/207782537,61,37,1.6486486486486487,94.48648648648648,151,0,0
/hc/en-gb/articles/4414958674831,61,28,2.1785714285714284,109.85714285714286,138,0,0
/hc/en-gb/articles/360000737555,60,49,1.2244897959183674,30,185,0,0
/hc/en-gb/articles/5987295689487,60,31,1.935483870967742,22.387096774193548,168,0,0
/hc/en-gb/articles/360000170355,59,47,1.2553191489361701,52.06382978723404,145,0,0
/hc/en-gb/articles/360000751916,59,49,1.2040816326530612,49.48979591836735,164,0,0
/hc/en-gb/articles/360001173895,59,33,1.7878787878787878,154.9090909090909,137,0,0
/hc/en-gb/articles/360001508515,59,29,2.0344827586206895,27.275862068965516,125,0,0
/hc/en-gb/articles/360000175735,58,50,1.16,37.78,157,0,0
/hc/en-gb/articles/360000621135,58,29,2,66.62068965517241,122,0,0
/hc/en-gb/articles/360001330415,58,43,1.3488372093023255,22.72093023255814,181,0,0
/hc/en-gb/articles/360001413096,58,37,1.5675675675675675,30.783783783783782,137,0,0
/hc/en-gb/articles/360001523916,58,46,1.2608695652173914,51.04347826086956,137,0,0
/hc/en-gb/articles/360000204116,57,45,1.2666666666666666,49.733333333333334,159,0,0
/hc/en-gb/sections/360000034335,57,42,1.3571428571428572,16.047619047619047,171,0,0
/hc/en-gb/articles/360000204116,56,38,1.4736842105263157,38.36842105263158,153,0,0
/hc/en-gb/articles/360001108756,56,44,1.2727272727272727,37.95454545454545,134,0,0
/hc/en-gb/articles/8974326930319,56,38,1.4736842105263157,49.44736842105263,181,0,0
/hc/en-gb/articles/360001175895,55,34,1.6176470588235294,89.08823529411765,171,0,0
/hc/en-gb/sections/360001091155,55,27,2.037037037037037,18.48148148148148,117,0,0
/hc/en-gb/sections/7348936006031,55,38,1.4473684210526316,4.421052631578948,119,0,0
/hc/en-gb/articles/360001075575,54,40,1.35,18.1,191,0,0
/hc/en-gb/articles/4405523725583,54,48,1.125,23.979166666666668,199,0,0
/hc/en-gb/articles/207127857,53,30,1.7666666666666666,75.83333333333333,176,0,0
/hc/en-gb/articles/360000202136,53,37,1.4324324324324325,34.972972972972975,133,0,0
/hc/en-gb/articles/360001050575,53,45,1.1777777777777778,25.57777777777778,196,0,0
/hc/en-gb/articles/360001584875,53,51,1.0392156862745099,32.490196078431374,212,0,0
/hc/en-gb/articles/360001131076,51,44,1.1590909090909092,67.93181818181819,199,0,0
/hc/en-gb/articles/360004337836,51,28,1.8214285714285714,126.46428571428571,133,0,0
/hc/en-gb/sections/360000040056,51,32,1.59375,17,112,0,0
/hc/en-gb/articles/360000578455,50,31,1.6129032258064515,41.645161290322584,109,0,0
/hc/en-gb/articles/360001113076,50,39,1.2820512820512822,13.743589743589743,115,0,0
/hc/en-gb/articles/360001125996,50,32,1.5625,28.75,145,0,0
/hc/en-gb/articles/360001244876,50,38,1.3157894736842106,49.078947368421055,139,0,0
/hc/en-gb/articles/360001393596,50,37,1.3513513513513513,25.7027027027027,134,0,0
/hc/en-gb/categories/360000014696,49,36,1.3611111111111112,16.083333333333332,131,0,0
/hc/en-gb/articles/360000570215,48,37,1.2972972972972974,59.4054054054054,123,0,0
/hc/en-gb/articles/360001111156,48,18,2.6666666666666665,88.44444444444444,151,0,0
/hc/en-gb/sections/200732737,48,25,1.92,23.68,100,0,0
/hc/en-gb/articles/360000203776,47,26,1.8076923076923077,37.57692307692308,138,0,0
/hc/en-gb/articles/360001194536,47,42,1.119047619047619,35.57142857142857,171,0,0
/hc/en-gb/articles/360002105076,46,21,2.1904761904761907,68.66666666666667,177,0,0
/hc/en-gb/articles/6686934564239,46,36,1.2777777777777777,16.333333333333332,118,0,0
/hc/en-gb/articles/360000743536,45,34,1.3235294117647058,37.1764705882353,111,0,0
/hc/en-gb/articles/360000930396,45,34,1.3235294117647058,57.294117647058826,155,0,0
/hc/en-gb/articles/360001174055,45,31,1.4516129032258065,63.903225806451616,151,0,0
/hc/en-gb/articles/4614893064591,45,31,1.4516129032258065,57.38709677419355,130,0,0
/hc/en-gb/sections/7348891753487,45,34,1.3235294117647058,4.5588235294117645,95,0,0
/hc/en-gb/articles/360002327275,44,38,1.1578947368421053,17.605263157894736,117,0,0
/hc/en-gb/requests,44,2,22,2511,138,0,0
/hc/en-gb/articles/360000568236,43,35,1.2285714285714286,67.65714285714286,111,0,0
/hc/en-gb/articles/7463891150863,43,26,1.6538461538461537,30.5,124,0,0
/hc/en-gb/articles/360000170355,42,35,1.2,24.114285714285714,95,0,0
/hc/en-gb/articles/360000329015,42,27,1.5555555555555556,135.4814814814815,116,0,0
/hc/en-gb/articles/360000871556,42,31,1.3548387096774193,44.58064516129032,152,0,0
/hc/en-gb/articles/360000202136,41,32,1.28125,41.40625,119,0,0
/hc/en-gb/articles/360000361675,41,30,1.3666666666666667,31.1,99,0,0
/hc/en-gb/articles/360003686055,41,35,1.1714285714285715,7.942857142857143,97,0,0
/hc/en-gb/articles/360000159715,40,27,1.4814814814814814,20,112,0,0
/hc/en-gb/articles/360001173875,40,32,1.25,86.125,96,0,0
/hc/en-gb/articles/360000201756,39,31,1.2580645161290323,42.354838709677416,114,0,0
/hc/en-gb/articles/360002667676,39,34,1.1470588235294117,7.264705882352941,148,0,0
/hc/en-gb/articles/6443618773519,39,20,1.95,60.85,114,0,0
/hc/en-gb/articles/360001176756,38,32,1.1875,23.6875,121,0,0
/hc/en-gb/requests,38,2,19,444,90,0,0
/hc/en-gb/articles/360001162856,37,25,1.48,64.4,113,0,0
/hc/en-gb/articles/360000214036,36,33,1.0909090909090908,25.242424242424242,83,0,0
/hc/en-gb/articles/360000990436,36,25,1.44,83.56,88,0,0
/hc/en-gb/articles/360001600235,36,30,1.2,61.166666666666664,99,0,0
/hc/en-gb/articles/4414951820559,36,23,1.565217391304348,74.56521739130434,91,0,0
/hc/en-gb/sections/360001150156,36,31,1.1612903225806452,8.161290322580646,81,0,0
/hc/en-gb/articles/360000175635,35,33,1.0606060606060606,22.21212121212121,92,0,0
/hc/en-gb/articles/360000473256,34,34,1,18.264705882352942,128,0,0
/hc/en-gb/articles/360000751636,34,21,1.619047619047619,17.428571428571427,97,0,0
/hc/en-gb/articles/360001237915,34,14,2.4285714285714284,114.78571428571429,91,0,0
/hc/en-gb/articles/4544913401231,34,24,1.4166666666666667,22.208333333333332,117,0,0
/hc/en-gb/sections/360000042215,34,32,1.0625,7.03125,72,0,0
/hc/en-gb/sections/360000278975,34,27,1.2592592592592593,4.37037037037037,90,0,0
/hc/en-gb/articles/360001287235,33,27,1.2222222222222223,28.074074074074073,126,0,0
/hc/en-gb/articles/4415563282959,33,29,1.1379310344827587,12.448275862068966,120,0,0
/hc/en-gb/articles/4416692988047,33,20,1.65,31.15,75,0,0
/hc/en-gb/articles/7349177261455,33,29,1.1379310344827587,8.172413793103448,88,0,0
/hc/en-gb/requests,33,1,33,2166,78,0,0
/hc/en-gb/sections/360000030876,33,27,1.2222222222222223,14.925925925925926,89,0,0
/hc/en-gb/articles/360000201636,32,29,1.103448275862069,31.344827586206897,72,0,0
/hc/en-gb/articles/360000217915,31,19,1.631578947368421,80.52631578947368,87,0,0
/hc/en-gb/articles/360000336076,31,21,1.4761904761904763,59.285714285714285,89,0,0
/hc/en-gb/articles/360000929935,31,19,1.631578947368421,79.89473684210526,88,0,0
/hc/en-gb/articles/4563511601679,31,25,1.24,34,74,0,0
/hc/en-gb/articles/5209502688655,31,24,1.2916666666666667,6.541666666666667,69,0,0
/hc/en-gb/articles/7352114813455,31,24,1.2916666666666667,12.416666666666666,70,0,0
/hc/en-gb/requests,31,2,15.5,1499,85,0,0
/hc/en-gb/articles/360001580415,30,15,2,62.46666666666667,63,0,0
/hc/en-gb/articles/207765367,29,20,1.45,47.15,95,0,0
/hc/en-gb/articles/360001107916,29,16,1.8125,32.3125,58,0,0
/hc/en-gb/articles/4415563282959,29,25,1.16,7.56,96,0,0
/hc/en-gb/articles/209338087,28,20,1.4,72.1,78,0,0
/hc/en-gb/articles/360000691716,28,16,1.75,23.6875,92,0,0
/hc/en-gb/sections/360000189716,28,22,1.2727272727272727,9.318181818181818,56,0,0
/hc/en-gb/articles/360000164576,27,25,1.08,26.04,77,0,0
/hc/en-gb/articles/360000175695,27,18,1.5,35.388888888888886,74,0,0
/hc/en-gb/articles/360000204116,27,21,1.2857142857142858,24.523809523809526,63,0,0
/hc/en-gb/articles/360001127856,27,23,1.173913043478261,30.869565217391305,96,0,0
/hc/en-gb/articles/4405630948495,27,15,1.8,56.266666666666666,60,0,0
/hc/en-gb/articles/360000175675,26,20,1.3,16.95,81,0,0
/hc/en-gb/articles/360000737555,26,20,1.3,64.6,66,0,0
/hc/en-gb/articles/8117557125391,26,13,2,81.61538461538461,76,0,0
/hc/en-gb/articles/360000203776,25,22,1.1363636363636365,24.227272727272727,49,0,0
/hc/en-gb/sections/360000042255,25,21,1.1904761904761905,12.285714285714286,53,0,0
/hc/en-gb/articles/360000161315,24,20,1.2,5.95,57,0,0
/hc/en-gb/articles/5565081844623,24,14,1.7142857142857142,55.214285714285715,89,0,0
/hc/en-gb/articles/7348950467343,24,21,1.1428571428571428,14.619047619047619,59,0,0
/hc/en-gb/categories/360000014696,24,17,1.411764705882353,13.647058823529411,48,0,0
/hc/en-gb/categories/7348753688847,24,14,1.7142857142857142,9.857142857142858,63,0,0
/hc/en-gb/articles/360000792856,23,5,4.6,382,52,0,0
/hc/en-gb/articles/360001600235,22,18,1.2222222222222223,18.27777777777778,52,0,0
/hc/en-gb/articles/9308584352783,22,15,1.4666666666666666,18.866666666666667,52,0,0
/hc/en-gb/requests,22,2,11,788,46,0,0
/hc/en-gb/sections/360000224835,22,18,1.2222222222222223,14.055555555555555,50,0,0
/hc/en-gb/sections/360001150156,22,17,1.2941176470588236,8.823529411764707,50,0,0
/hc/404,21,8,2.625,10.125,60,0,0
/hc/en-gb/articles/360000759275,21,15,1.4,104.86666666666666,85,0,0
/hc/en-gb/articles/360001002956,21,18,1.1666666666666667,22.333333333333332,86,0,0
/hc/en-gb/articles/360001169956,21,13,1.6153846153846154,32.69230769230769,59,0,0
/hc/en-gb/articles/360001593096,21,16,1.3125,34.8125,76,0,0
/hc/en-gb/articles/5292628239375,21,14,1.5,52.642857142857146,87,0,0
/hc/en-gb/requests,21,1,21,1304,47,0,0
/hc/en-gb/articles/360000203776,20,15,1.3333333333333333,29.666666666666668,58,0,0
/hc/en-gb/articles/360000335995,20,19,1.0526315789473684,17.105263157894736,72,0,0
/hc/en-gb/articles/6202743496591,20,19,1.0526315789473684,21.63157894736842,66,0,0
/hc/en-gb/articles/7403361932431,20,6,3.3333333333333335,38,47,0,0
/hc/en-gb/requests,20,1,20,950,46,0,0
/hc/en-gb/requests,20,2,10,432.5,47,0,0
/hc/en-gb/articles/360000428676,19,11,1.7272727272727273,90.9090909090909,58,0,0
/hc/en-gb/articles/360000691716,19,16,1.1875,46.9375,54,0,0
/hc/en-gb/articles/360000997675,19,14,1.3571428571428572,23.928571428571427,47,0,0
/hc/en-gb/articles/360003984776,19,18,1.0555555555555556,10.88888888888889,69,0,0
/hc/en-gb/sections/360000030876,19,11,1.7272727272727273,12.909090909090908,55,0,0
/hc/en-gb/articles/212642617,18,16,1.125,59.5,44,0,0
/hc/en-gb/articles/360000576776,18,10,1.8,16.7,43,0,0
/hc/en-gb/articles/360001298595,18,10,1.8,227.5,57,0,0
/hc/en-gb/requests,18,1,18,277,43,0,0
/hc/en-gb/requests,18,16,1.125,4.25,36,0,0
/hc/en-gb/articles/360001093315,17,14,1.2142857142857142,36.857142857142854,40,0,0
/hc/en-gb/articles/360003584515,17,12,1.4166666666666667,17.166666666666668,38,0,0
/hc/en-gb/articles/360003592875,17,15,1.1333333333333333,18.2,41,0,0
/hc/en-gb/articles/4407274387599,17,14,1.2142857142857142,31.142857142857142,37,0,0
/hc/en-gb/articles/6443618773519,17,3,5.666666666666667,58.666666666666664,36,0,0
/hc/en-gb/requests,17,1,17,443,37,0,0
/hc/en-gb/requests,17,1,17,2698,40,0,0
/hc/en-gb/requests,17,2,8.5,386.5,41,0,0
/hc/en-gb/requests,17,1,17,1204,41,0,0
/hc/en-gb/sections/360000033936,17,13,1.3076923076923077,7.461538461538462,41,0,0
/hc/en-gb/sections/360000042215,17,16,1.0625,4.625,51,0,0
/hc/en-gb/sections/360000164635,17,13,1.3076923076923077,7.615384615384615,42,0,0
/hc/en-gb/sections/360001059296,17,12,1.4166666666666667,6.25,49,0,0
/hc/en-gb/articles/360000205355,16,16,1,17.375,42,0,0
/hc/en-gb/articles/360000810616,16,10,1.6,61.6,37,0,0
/hc/en-gb/articles/360001482516,16,9,1.7777777777777777,30.88888888888889,45,0,0
/hc/en-gb/articles/4546820344079,16,11,1.4545454545454546,56.54545454545455,38,0,0
/hc/en-gb/articles/7348919239695,16,12,1.3333333333333333,18.5,37,0,0
/hc/en-gb/articles/8137408794511,16,7,2.2857142857142856,19.714285714285715,46,0,0
/hc/en-gb/articles/8202966997775,16,3,5.333333333333333,62,36,0,0
/hc/en-gb/articles/8817840423439,16,5,3.2,38.6,43,0,0
/hc/en-gb/requests,16,2,8,224.5,35,0,0
/hc/en-gb/articles/208619807,15,10,1.5,51.9,37,0,0
/hc/en-gb/articles/360000175675,15,12,1.25,9,49,0,0
/hc/en-gb/articles/360000360576,15,12,1.25,19.75,38,0,0
/hc/en-gb/articles/360000428676,15,13,1.1538461538461537,24.076923076923077,57,0,0
/hc/en-gb/articles/360001075936,15,10,1.5,21.7,45,0,0
/hc/en-gb/articles/360002105076,15,3,5,19.666666666666668,29,0,0
/hc/en-gb/articles/5126681349903,15,15,1,8.2,53,0,0
/hc/en-gb/articles/7010547494287,15,14,1.0714285714285714,7.714285714285714,32,0,0
/hc/en-gb/articles/7918332923023,15,9,1.6666666666666667,19.555555555555557,48,0,0
/hc/en-gb/articles/8404976000399,15,6,2.5,18.5,30,0,0
/hc/en-gb/articles/9170849009551,15,13,1.1538461538461537,13.461538461538462,39,0,0
/hc/en-gb/articles/MzYwMDAxMT,15,15,1,6.6,54,0,0
/hc/en-gb/sections/360000039036,15,13,1.1538461538461537,21.53846153846154,39,0,0
/hc/en-gb/articles/207127857,14,10,1.4,58.8,36,0,0
/hc/en-gb/articles/209379527,14,9,1.5555555555555556,63.77777777777778,30,0,0
/hc/en-gb/articles/360000205435,14,10,1.4,79.2,35,0,0
/hc/en-gb/articles/360000208356,14,11,1.2727272727272727,16.636363636363637,39,0,0
/hc/en-gb/articles/360000361675,14,9,1.5555555555555556,28.555555555555557,27,0,0
/hc/en-gb/articles/360000474535,14,9,1.5555555555555556,77.44444444444444,31,0,0
/hc/en-gb/articles/360001045096,14,14,1,39.285714285714285,30,0,0
/hc/en-gb/articles/360001097936,14,12,1.1666666666666667,169.66666666666666,36,0,0
/hc/en-gb/articles/4405623499791,14,10,1.4,35.6,30,0,0
/hc/en-gb/articles/6623692647951,14,11,1.2727272727272727,31.727272727272727,35,0,0
/hc/en-gb/requests,14,1,14,104,33,0,0
/hc/en-gb/requests,14,1,14,623,31,0,0
/hc/en-gb/requests,14,1,14,1108,35,0,0
/hc/en-gb/sections/360000196195,14,14,1,4.5,31,0,0
/hc/en-gb/articles/360000176116,13,10,1.3,10.4,26,0,0
/hc/en-gb/articles/360001097936,13,10,1.3,104.8,32,0,0
/hc/en-gb/articles/360001127856,13,12,1.0833333333333333,25.333333333333332,37,0,0
/hc/en-gb/articles/360001169956,13,1,13,471,44,0,0
/hc/en-gb/requests,13,1,13,207,28,0,0
/hc/en-gb/sections/360000278935,13,13,1,6.538461538461538,39,0,0
/hc/en-gb/articles/215680177,12,10,1.2,40.6,47,0,0
/hc/en-gb/articles/360000175695,12,9,1.3333333333333333,21.11111111111111,24,0,0
/hc/en-gb/articles/360000176116,12,11,1.0909090909090908,18.09090909090909,26,0,0
/hc/en-gb/articles/360000532595,12,11,1.0909090909090908,22.545454545454547,26,0,0
/hc/en-gb/articles/360000810556,12,5,2.4,35,22,0,0
/hc/en-gb/articles/360001237915,12,11,1.0909090909090908,152.1818181818182,30,0,0
/hc/en-gb/articles/4416829135887,12,12,1,14.916666666666666,41,0,0
/hc/en-gb/articles/6359601973135,12,10,1.2,15.3,24,0,0
/hc/en-gb/articles/8252164326415,12,11,1.0909090909090908,17,30,0,0
/hc/en-gb/requests,12,1,12,1219,29,0,0
/hc/en-gb/requests,12,2,6,122,29,0,0
/hc/en-gb/requests,12,1,12,201,23,0,0
/hc/en-gb/sections/360001091155,12,8,1.5,4.5,26,0,0
/hc/en-gb/sections/7348925662223,12,9,1.3333333333333333,6.666666666666667,27,0,0
/hc/en-gb/articles/212457807,11,6,1.8333333333333333,35.666666666666664,23,0,0
/hc/en-gb/articles/360000201636,11,10,1.1,22.5,27,0,0
/hc/en-gb/articles/360000930655,11,10,1.1,9.2,29,0,0
/hc/en-gb/articles/360000995575,11,8,1.375,238,30,0,0
/hc/en-gb/articles/4405630948495,11,9,1.2222222222222223,41.55555555555556,28,0,0
/hc/en-gb/articles/4614893064591,11,10,1.1,42.9,32,0,0
/hc/en-gb/articles/6008779241999,11,8,1.375,13.125,20,0,0
/hc/en-gb/articles/7349136678543,11,9,1.2222222222222223,10.88888888888889,33,0,0
/hc/en-gb/articles/7755261198223,11,9,1.2222222222222223,5.333333333333333,23,0,0
/hc/en-gb/articles/9367039527823,11,10,1.1,12.4,23,0,0
/hc/en-gb/requests,11,3,3.6666666666666665,80,26,0,0
/hc/en-gb/requests,11,1,11,502,26,0,0
/hc/en-gb/sections/360000042255,11,4,2.75,11,25,0,0
/hc/en-gb/articles/360000743536,10,8,1.25,57.625,24,0,0
/hc/en-gb/articles/360002327275,10,9,1.1111111111111112,14.88888888888889,27,0,0
/hc/en-gb/articles/360003472036,10,8,1.25,11.625,39,0,0
/hc/en-gb/articles/6198499650703,10,9,1.1111111111111112,26.22222222222222,27,0,0
/hc/en-gb/articles/8817840423439,10,4,2.5,22.75,21,0,0
/hc/en-gb/categories/7348753688847,10,9,1.1111111111111112,7,28,0,0
/hc/en-gb/requests,10,1,10,926,24,0,0
/hc/en-gb/requests,10,1,10,734,19,0,0
/hc/en-gb/requests,10,1,10,51,23,0,0
/hc/en-gb/requests,10,1,10,281,20,0,0
/hc/en-gb/requests,10,1,10,451,31,0,0
/hc/en-gb/requests,10,1,10,1226,23,0,0
/hc/en-gb/requests,10,1,10,0,23,0,0
/hc/en-gb/sections/360000437436,10,8,1.25,10.875,24,0,0
/hc/en-gb/,9,6,1.5,5.833333333333333,18,0,0
/hc/en-gb/articles/360000576776,9,6,1.5,5.333333333333333,20,0,0
/hc/en-gb/articles/360000684635,9,8,1.125,14.625,18,0,0
/hc/en-gb/articles/360000902955,9,8,1.125,32.375,20,0,0
/hc/en-gb/articles/360001075936,9,7,1.2857142857142858,56.857142857142854,21,0,0
/hc/en-gb/articles/360001169956,9,2,4.5,35.5,36,0,0
/hc/en-gb/articles/360001482516,9,4,2.25,81,27,0,0
/hc/en-gb/articles/4401821809679,9,8,1.125,262,26,0,0
/hc/en-gb/articles/4405170961039,9,6,1.5,43.166666666666664,21,0,0
/hc/en-gb/articles/4409759247887,9,9,1,13.11111111111111,31,0,0
/hc/en-gb/articles/4563294188687,9,8,1.125,14.125,21,0,0
/hc/en-gb/articles/7187453852815,9,3,3,32.333333333333336,19,0,0
/hc/en-gb/articles/9329030038543,9,5,1.8,26.2,18,0,0
/hc/en-gb/categories/200261597,9,9,1,12.333333333333334,19,0,0
/hc/en-gb/requests,9,1,9,171,19,0,0
/hc/en-gb/requests,9,2,4.5,301,22,0,0
/hc/en-gb/requests,9,1,9,239,17,0,0
/hc/en-gb/requests,9,2,4.5,131,19,0,0
/hc/en-gb/requests,9,1,9,377,21,0,0
/hc/en-gb/requests,9,1,9,472,21,0,0
/hc/en-gb/requests,9,2,4.5,1194,23,0,0
/hc/en-gb/requests,9,1,9,35,21,0,0
/hc/en-gb/articles/213718027,8,8,1,10.375,23,0,0
/hc/en-gb/articles/218032857,8,8,1,20.25,17,0,0
/hc/en-gb/articles/360000207315,8,5,1.6,72,18,0,0
/hc/en-gb/articles/360000550416,8,7,1.1428571428571428,6,27,0,0
/hc/en-gb/articles/360000568236,8,5,1.6,44,22,0,0
/hc/en-gb/articles/360000930655,8,8,1,13.25,19,0,0
/hc/en-gb/articles/360001008136,8,8,1,81.375,23,0,0
/hc/en-gb/articles/360001053675,8,5,1.6,40.8,23,0,0
/hc/en-gb/articles/360001244876,8,8,1,45,15,0,0
/hc/en-gb/articles/360001419576,8,8,1,38.5,30,0,0
/hc/en-gb/articles/360001600235,8,4,2,54.75,24,0,0
/hc/en-gb/articles/360003648716,8,7,1.1428571428571428,21.714285714285715,19,0,0
/hc/en-gb/articles/4409759247887,8,5,1.6,71.6,19,0,0
/hc/en-gb/articles/4416829135887,8,8,1,4.25,27,0,0
/hc/en-gb/articles/6805305911311,8,7,1.1428571428571428,8.428571428571429,16,0,0
/hc/en-gb/articles/7349135008783,8,5,1.6,43.4,19,0,0
/hc/en-gb/articles/7403361932431,8,1,8,63,16,0,0
/hc/en-gb/articles/8422683604367,8,7,1.1428571428571428,10.285714285714286,16,0,0
/hc/en-gb/categories/200261597,8,6,1.3333333333333333,38.833333333333336,18,0,0
/hc/en-gb/requests,8,1,8,231,15,0,0
/hc/en-gb/requests,8,2,4,818.5,20,0,0
/hc/en-gb/requests,8,1,8,394,21,0,0
/hc/en-gb/requests,8,1,8,881,22,0,0
/hc/en-gb/requests,8,1,8,466,18,0,0
/hc/en-gb/requests,8,1,8,448,16,0,0
/hc/en-gb/requests,8,1,8,1211,21,0,0
/hc/en-gb/requests,8,1,8,718,17,0,0
/hc/en-gb/requests,8,1,8,81,16,0,0
/hc/en-gb/articles/212639047,7,7,1,330.42857142857144,19,0,0
/hc/en-gb/articles/360000164576,7,5,1.4,36,16,0,0
/hc/en-gb/articles/360000473256,7,6,1.1666666666666667,33,12,0,0
/hc/en-gb/articles/360000705196,7,7,1,4.285714285714286,20,0,0
/hc/en-gb/articles/360000871556,7,7,1,24.142857142857142,16,0,0
/hc/en-gb/articles/360000925176,7,5,1.4,42.6,16,0,0
/hc/en-gb/articles/360001002956,7,6,1.1666666666666667,16.833333333333332,17,0,0
/hc/en-gb/articles/360001111156,7,2,3.5,3.5,14,0,0
/hc/en-gb/articles/360001237915,7,7,1,50.142857142857146,19,0,0
/hc/en-gb/articles/360001500156,7,5,1.4,27.2,15,0,0
/hc/en-gb/articles/360001829555,7,5,1.4,46.4,18,0,0
/hc/en-gb/articles/360002751455,7,5,1.4,6.8,14,0,0
/hc/en-gb/articles/360004065335,7,6,1.1666666666666667,9.333333333333334,19,0,0
/hc/en-gb/articles/360004558895,7,5,1.4,17.8,15,0,0
/hc/en-gb/articles/4401821809679,7,7,1,36.285714285714285,19,0,0
/hc/en-gb/articles/4403946890767,7,7,1,0,21,0,0
/hc/en-gb/articles/4405630948495,7,6,1.1666666666666667,23.5,20,0,0
/hc/en-gb/articles/4415563282959,7,4,1.75,26.75,13,0,0
/hc/en-gb/articles/4975669783951,7,6,1.1666666666666667,10.5,16,0,0
/hc/en-gb/articles/6529511928207,7,3,2.3333333333333335,103,16,0,0
/hc/en-gb/articles/6546340907919,7,7,1,13.428571428571429,17,0,0
/hc/en-gb/articles/6805105965199,7,5,1.4,15.2,19,0,0
/hc/en-gb/requests,7,1,7,74,14,0,0
/hc/en-gb/requests,7,2,3.5,77,19,0,0
/hc/en-gb/requests,7,1,7,969,15,0,0
/hc/en-gb/requests,7,2,3.5,52.5,16,0,0
/hc/en-gb/requests,7,1,7,831,16,0,0
/hc/en-gb/requests,7,1,7,244,16,0,0
/hc/en-gb/requests,7,1,7,278,18,0,0
/hc/en-gb/requests,7,1,7,386,15,0,0
/hc/en-gb/requests,7,1,7,614,15,0,0
/hc/en-gb/sections/360000040036,7,6,1.1666666666666667,15,22,0,0
/hc/en-gb/sections/360001189255,7,5,1.4,6.6,17,0,0
/hc/en-gb/articles/360000205035,6,5,1.2,4.6,12,0,0
/hc/en-gb/articles/360000684635,6,4,1.5,61,12,0,0
/hc/en-gb/articles/360000700295,6,5,1.2,43.2,15,0,0
/hc/en-gb/articles/360000759275,6,5,1.2,12.8,13,0,0
/hc/en-gb/articles/360001045096,6,5,1.2,32.8,12,0,0
/hc/en-gb/articles/360001175895,6,4,1.5,34.75,17,0,0
/hc/en-gb/articles/360004491956,6,4,1.5,223.75,17,0,0
/hc/en-gb/articles/4405170961039,6,6,1,13,21,0,0
/hc/en-gb/articles/4975669783951,6,4,1.5,25.75,11,0,0
/hc/en-gb/articles/4975669783951,6,6,1,28,13,0,0
/hc/en-gb/articles/5292628239375,6,4,1.5,76.5,20,0,0
/hc/en-gb/articles/6546340907919,6,6,1,17.166666666666668,16,0,0
/hc/en-gb/articles/6805305911311,6,2,3,9,12,0,0
/hc/en-gb/articles/7348919239695,6,6,1,4,11,0,0
/hc/en-gb/articles/9027967596303,6,6,1,30.333333333333332,22,0,0
/hc/en-gb/requests,6,2,3,184.5,16,0,0
/hc/en-gb/requests,6,1,6,30,20,0,0
/hc/en-gb/requests,6,3,2,39.333333333333336,13,0,0
/hc/en-gb/requests,6,1,6,265,11,0,0
/hc/en-gb/requests,6,1,6,635,14,0,0
/hc/en-gb/requests,6,1,6,221,11,0,0
/hc/en-gb/requests,6,2,3,85,14,0,0
/hc/en-gb/requests,6,1,6,169,13,0,0
/hc/en-gb/requests,6,1,6,619,13,0,0
/hc/en-gb/requests,6,1,6,359,11,0,0
/hc/en-gb/requests,6,2,3,239.5,15,0,0
/hc/en-gb/requests,6,1,6,386,16,0,0
/hc/en-gb/requests,6,1,6,64,16,0,0
/hc/en-gb/requests,6,1,6,76,16,0,0
/hc/en-gb/requests,6,1,6,399,14,0,0
/hc/en-gb/requests,6,1,6,154,11,0,0
/hc/en-gb/requests,6,1,6,34,12,0,0
/hc/en-gb/requests,6,1,6,271,13,0,0
/hc/en-gb/articles/,5,5,1,14,13,0,0
/hc/en-gb/articles/360000336015,5,5,1,3.6,12,0,0
/hc/en-gb/articles/360000336076,5,4,1.25,38.5,14,0,0
/hc/en-gb/articles/360000470655,5,5,1,44.4,12,0,0
/hc/en-gb/articles/360000470655,5,1,5,43,8,0,0
/hc/en-gb/articles/360000576776,5,2,2.5,13,12,0,0
/hc/en-gb/articles/360000929935,5,4,1.25,96.75,15,0,0
/hc/en-gb/articles/360001127856,5,3,1.6666666666666667,10.333333333333334,12,0,0
/hc/en-gb/articles/360001829555,5,2,2.5,41.5,19,0,0
/hc/en-gb/articles/360003592875,5,5,1,19.2,13,0,0
/hc/en-gb/articles/360003648716,5,5,1,6.6,17,0,0
/hc/en-gb/articles/360004558895,5,5,1,29.4,14,0,0
/hc/en-gb/articles/4563294188687,5,4,1.25,21.75,15,0,0
/hc/en-gb/articles/6678260710031,5,5,1,8.4,9,0,0
/hc/en-gb/articles/6805105965199,5,4,1.25,4,9,0,0
/hc/en-gb/articles/7187453852815,5,3,1.6666666666666667,18,9,0,0
/hc/en-gb/articles/7349177261455,5,5,1,11.6,11,0,0
/hc/en-gb/articles/7403361932431,5,5,1,47.6,18,0,0
/hc/en-gb/requests,5,2,2.5,70,14,0,0
/hc/en-gb/requests,5,1,5,88,15,0,0
/hc/en-gb/requests,5,1,5,53,11,0,0
/hc/en-gb/requests,5,1,5,123,9,0,0
/hc/en-gb/requests,5,1,5,562,11,0,0
/hc/en-gb/requests,5,1,5,156,9,0,0
/hc/en-gb/requests,5,1,5,855,13,0,0
/hc/en-gb/requests,5,1,5,166,11,0,0
/hc/en-gb/requests,5,2,2.5,267,12,0,0
/hc/en-gb/requests,5,1,5,323,10,0,0
/hc/en-gb/requests,5,1,5,27,14,0,0
/hc/en-gb/requests,5,1,5,1,9,0,0
/hc/en-gb/requests,5,2,2.5,198,11,0,0
/hc/en-gb/requests,5,1,5,118,13,0,0
/hc/en-gb/requests,5,1,5,244,9,0,0
/hc/en-gb/requests,5,1,5,1431,12,0,0
/hc/en-gb/requests,5,1,5,492,13,0,0
/hc/en-gb/requests,5,1,5,518,11,0,0
/hc/en-gb/requests,5,1,5,151,14,0,0
/hc/en-gb/sections/360000502675,5,4,1.25,1.75,8,0,0
/hc/en-gb/agent,4,2,2,8.5,11,0,0
/hc/en-gb/articles/360000214036,4,4,1,11.75,9,0,0
/hc/en-gb/articles/360000336015,4,4,1,9.75,7,0,0
/hc/en-gb/articles/360000584256,4,2,2,136.5,15,0,0
/hc/en-gb/articles/360000625535,4,2,2,23.5,14,0,0
/hc/en-gb/articles/360000810616,4,3,1.3333333333333333,24.333333333333332,9,0,0
/hc/en-gb/articles/360000930655,4,3,1.3333333333333333,18,6,0,0
/hc/en-gb/articles/360000980375,4,4,1,21.5,11,0,0
/hc/en-gb/articles/360001169956,4,3,1.3333333333333333,13.333333333333334,10,0,0
/hc/en-gb/articles/360001176756,4,3,1.3333333333333333,43.333333333333336,9,0,0
/hc/en-gb/articles/360001194536,4,4,1,275.75,10,0,0
/hc/en-gb/articles/360001208256,4,2,2,29,7,0,0
/hc/en-gb/articles/360001330415,4,4,1,16.25,9,0,0
/hc/en-gb/articles/360001593096,4,4,1,6.5,7,0,0
/hc/en-gb/articles/360002109696,4,4,1,10.5,10,0,0
/hc/en-gb/articles/360004218816,4,2,2,8.5,10,0,0
/hc/en-gb/articles/360004558895,4,3,1.3333333333333333,5,9,0,0
/hc/en-gb/articles/4404255007503,4,3,1.3333333333333333,24.666666666666668,10,0,0
/hc/en-gb/articles/4405757918095,4,4,1,9.25,9,0,0
/hc/en-gb/articles/6202743496591,4,3,1.3333333333333333,50.333333333333336,10,0,0
/hc/en-gb/articles/7349178188943,4,3,1.3333333333333333,13.666666666666666,8,0,0
/hc/en-gb/articles/7463891150863,4,3,1.3333333333333333,49.333333333333336,12,0,0
/hc/en-gb/articles/8252164326415,4,3,1.3333333333333333,20.666666666666668,10,0,0
/hc/en-gb/articles/8974326930319,4,2,2,71,11,0,0
/hc/en-gb/requests,4,1,4,104,6,0,0
/hc/en-gb/requests,4,1,4,311,9,0,0
/hc/en-gb/requests,4,1,4,60,8,0,0
/hc/en-gb/requests,4,1,4,727,8,0,0
/hc/en-gb/requests,4,1,4,264,10,0,0
/hc/en-gb/requests,4,1,4,159,9,0,0
/hc/en-gb/requests,4,1,4,192,9,0,0
/hc/en-gb/requests,4,1,4,310,8,0,0
/hc/en-gb/requests,4,1,4,27,8,0,0
/hc/en-gb/requests,4,1,4,81,9,0,0
/hc/en-gb/requests,4,1,4,226,11,0,0
/hc/en-gb/requests,4,1,4,5,12,0,0
/hc/en-gb/requests,4,2,2,46.5,9,0,0
/hc/en-gb/requests,4,1,4,55,9,0,0
/hc/en-gb/requests,4,1,4,138,10,0,0
/hc/en-gb/requests,4,1,4,856,10,0,0
/hc/en-gb/requests,4,1,4,166,7,0,0
/hc/en-gb/requests,4,1,4,123,8,0,0
/hc/en-gb/requests,4,1,4,90,10,0,0
/hc/en-gb/requests,4,1,4,59,9,0,0
/hc/en-gb/requests,4,1,4,478,8,0,0
/hc/en-gb/requests,4,1,4,388,10,0,0
/hc/en-gb/requests,4,1,4,71,9,0,0
/hc/en-gb/requests,4,1,4,0,12,0,0
/hc/en-gb/requests,4,2,2,27.5,6,0,0
/hc/en-gb/requests,4,2,2,123.5,8,0,0
/hc/en-gb/requests,4,1,4,132,8,0,0
/hc/en-gb/requests,4,1,4,44,9,0,0
/hc/en-gb/requests,4,1,4,557,10,0,0
/hc/en-gb/requests,4,1,4,0,10,0,0
/hc/en-gb/requests,4,1,4,88,8,0,0
/hc/en-gb/requests,4,1,4,47,10,0,0
/hc/en-gb/sections/200732737,4,3,1.3333333333333333,8.666666666666666,10,0,0
/hc/en-gb/articles/207765367,3,3,1,10,8,0,0
/hc/en-gb/articles/216296818,3,3,1,14.333333333333334,8,0,0
/hc/en-gb/articles/360000202535,3,3,1,0.6666666666666666,7,0,0
/hc/en-gb/articles/360000205355,3,3,1,11.333333333333334,6,0,0
/hc/en-gb/articles/360000359936,3,3,1,2.6666666666666665,9,0,0
/hc/en-gb/articles/360000550416,3,3,1,51.666666666666664,11,0,0
/hc/en-gb/articles/360000624696,3,1,3,15,6,0,0
/hc/en-gb/articles/360000625535,3,2,1.5,7,8,0,0
/hc/en-gb/articles/360000718515,3,3,1,6.333333333333333,6,0,0
/hc/en-gb/articles/360000925176,3,3,1,6.666666666666667,8,0,0
/hc/en-gb/articles/360000930396,3,2,1.5,44,7,0,0
/hc/en-gb/articles/360001173895,3,3,1,12.666666666666666,11,0,0
/hc/en-gb/articles/360001174055,3,3,1,7,9,0,0
/hc/en-gb/articles/360001419576,3,3,1,11,6,0,0
/hc/en-gb/articles/360003584515,3,1,3,12,7,0,0
/hc/en-gb/articles/360003686055,3,3,1,8.333333333333334,6,0,0
/hc/en-gb/articles/360003984776,3,3,1,54.333333333333336,8,0,0
/hc/en-gb/articles/4401821809679,3,3,1,27.666666666666668,8,0,0
/hc/en-gb/articles/4403946890767,3,3,1,0,9,0,0
/hc/en-gb/articles/4405523725583,3,3,1,16.666666666666668,9,0,0
/hc/en-gb/articles/4405623380751,3,2,1.5,123.5,11,0,0
/hc/en-gb/articles/5203144566415,3,3,1,15.333333333333334,8,0,0
/hc/en-gb/articles/5921520520975,3,2,1.5,1,7,0,0
/hc/en-gb/articles/6546340907919,3,3,1,25.666666666666668,9,0,0
/hc/en-gb/articles/6686934564239,3,3,1,7.333333333333333,8,0,0
/hc/en-gb/articles/7348950467343,3,2,1.5,2.5,7,0,0
/hc/en-gb/articles/7349082099343,3,2,1.5,15,7,0,0
/hc/en-gb/articles/7349082099343,3,3,1,4,6,0,0
/hc/en-gb/articles/7349135008783,3,3,1,4,10,0,0
/hc/en-gb/articles/7349178188943,3,3,1,53.333333333333336,7,0,0
/hc/en-gb/articles/7352114813455,3,3,1,10.333333333333334,8,0,0
/hc/en-gb/articles/8117557125391,3,2,1.5,16.5,8,0,0
/hc/en-gb/articles/8358981393551,3,2,1.5,16.5,6,0,0
/hc/en-gb/articles/9108460666383,3,2,1.5,28,7,0,0
/hc/en-gb/articles/9376633910159,3,1,3,4,8,0,0
/hc/en-gb/articles/MjE4MDMyOD,3,3,1,5.666666666666667,10,0,0
"/hc/en-gb/requests,58277",3,1,3,3,4,0,0
/hc/en-gb/requests,3,2,1.5,13.5,10,0,0
/hc/en-gb/requests,3,1,3,272,6,0,0
/hc/en-gb/requests,3,1,3,46,5,0,0
/hc/en-gb/requests,3,1,3,82,7,0,0
/hc/en-gb/requests,3,2,1.5,145.5,8,0,0
/hc/en-gb/requests,3,2,1.5,41.5,6,0,0
/hc/en-gb/requests,3,1,3,199,6,0,0
/hc/en-gb/requests,3,2,1.5,69,6,0,0
/hc/en-gb/requests,3,1,3,32,7,0,0
/hc/en-gb/requests,3,1,3,141,13,0,0
/hc/en-gb/requests,3,1,3,32,6,0,0
/hc/en-gb/requests,3,1,3,313,7,0,0
/hc/en-gb/requests,3,1,3,23,9,0,0
/hc/en-gb/requests,3,1,3,14,6,0,0
/hc/en-gb/requests,3,1,3,183,7,0,0
/hc/en-gb/requests,3,1,3,23,5,0,0
/hc/en-gb/requests,3,2,1.5,163,8,0,0
/hc/en-gb/requests,3,1,3,25,6,0,0
/hc/en-gb/requests,3,2,1.5,139.5,9,0,0
/hc/en-gb/requests,3,1,3,28,7,0,0
/hc/en-gb/requests,3,1,3,0,5,0,0
/hc/en-gb/requests,3,2,1.5,64,6,0,0
/hc/en-gb/requests,3,1,3,85,6,0,0
/hc/en-gb/requests,3,2,1.5,6,5,0,0
/hc/en-gb/requests,3,1,3,80,6,0,0
/hc/en-gb/requests,3,1,3,194,7,0,0
/hc/en-gb/requests,3,2,1.5,24,6,0,0
/hc/en-gb/requests,3,1,3,9,7,0,0
/hc/en-gb/requests,3,1,3,160,6,0,0
/hc/en-gb/requests,3,1,3,53,8,0,0
/hc/en-gb/requests,3,1,3,87,6,0,0
/hc/en-gb/requests,3,1,3,49,5,0,0
/hc/en-gb/requests,3,1,3,102,6,0,0
/hc/en-gb/requests,3,2,1.5,54,7,0,0
/hc/en-gb/requests,3,1,3,32,8,0,0
/hc/en-gb/requests,3,1,3,144,6,0,0
/hc/en-gb/requests,3,1,3,72,8,0,0
/hc/en-gb/requests,3,1,3,41,6,0,0
/hc/en-gb/requests,3,1,3,105,6,0,0
/hc/en-gb/requests,3,1,3,122,8,0,0
/hc/en-gb/requests,3,2,1.5,6,10,0,0
/hc/en-gb/requests,3,2,1.5,333,6,0,0
/hc/en-gb/requests,3,1,3,10,9,0,0
/hc/en-gb/requests,3,1,3,28,8,0,0
/hc/en-gb/requests,3,1,3,57,5,0,0
/hc/en-gb/requests,3,1,3,67,8,0,0
/hc/en-gb/requests,3,2,1.5,66,8,0,0
/hc/en-gb/requests,3,1,3,114,6,0,0
/hc/en-gb/requests,3,1,3,80,7,0,0
/hc/en-gb/requests,3,1,3,83,7,0,0
/hc/en-gb/requests,3,1,3,498,6,0,0
/hc/en-gb/requests,3,1,3,13,7,0,0
/hc/en-gb/requests,3,2,1.5,24,8,0,0
/hc/en-gb/requests,3,2,1.5,9,10,0,0
/hc/en-gb/requests,3,2,1.5,105,6,0,0
/hc/en-gb/requests,3,1,3,18,9,0,0
/hc/en-gb/requests,3,1,3,158,6,0,0
/hc/en-gb/requests,3,1,3,307,6,0,0
/hc/en-gb/requests,3,1,3,34,6,0,0
/hc/en-gb/requests,3,2,1.5,4.5,5,0,0
/hc/en-gb/requests,3,1,3,542,8,0,0
/hc/en-gb/requests,3,2,1.5,106.5,8,0,0
/hc/en-gb/sections/BLASTDB/2023,3,2,1.5,3.5,7,0,0
/hc/en-gb/sections/BLASTDB/2023,3,2,1.5,4,6,0,0
/hc/en-gb/articles/115001854444,2,2,1,11,5,0,0
/hc/en-gb/articles/360000174976,2,2,1,52,12,0,0
/hc/en-gb/articles/360000201756,2,1,2,31,7,0,0
/hc/en-gb/articles/360000205656,2,2,1,6.5,5,0,0
/hc/en-gb/articles/360000335975,2,2,1,0,7,0,0
/hc/en-gb/articles/360000335995,2,2,1,6,9,0,0
/hc/en-gb/articles/360000578455,2,2,1,26,5,0,0
/hc/en-gb/articles/360000690275,2,2,1,10,5,0,0
/hc/en-gb/articles/360000693896,2,2,1,18.5,5,0,0
/hc/en-gb/articles/360001131076,2,2,1,5,3,0,0
/hc/en-gb/articles/360001287235,2,1,2,12,4,0,0
/hc/en-gb/articles/360001316356,2,1,2,45,7,0,0
/hc/en-gb/articles/360001343015,2,2,1,25.5,5,0,0
/hc/en-gb/articles/360001392636,2,2,1,57,7,0,0
/hc/en-gb/articles/360002558216,2,2,1,9,3,0,0
/hc/en-gb/articles/360002667556,2,2,1,1.5,3,0,0
/hc/en-gb/articles/360002667676,2,2,1,3.5,4,0,0
/hc/en-gb/articles/360003472036,2,2,1,6.5,5,0,0
/hc/en-gb/articles/360003550396,2,2,1,8.5,6,0,0
/hc/en-gb/articles/360003551116,2,1,2,22,6,0,0
/hc/en-gb/articles/360004491956,2,2,1,19,4,0,0
/hc/en-gb/articles/360004559095,2,2,1,342,7,0,0
/hc/en-gb/articles/4407274387599,2,2,1,33,5,0,0
/hc/en-gb/articles/4408810913167,2,2,1,3.5,6,0,0
/hc/en-gb/articles/4905985717135,2,2,1,2,5,0,0
/hc/en-gb/articles/5254610390415,2,2,1,48.5,5,0,0
/hc/en-gb/articles/5362357660431,2,2,1,1,5,0,0
/hc/en-gb/articles/5987295689487,2,2,1,91,5,0,0
/hc/en-gb/articles/6008779241999,2,1,2,0,2,0,0
/hc/en-gb/articles/6325030048655,2,2,1,11,5,0,0
/hc/en-gb/articles/7010547494287,2,2,1,1,5,0,0
/hc/en-gb/articles/7349136678543,2,2,1,6.5,5,0,0
/hc/en-gb/articles/8117557125391,2,1,2,13,4,0,0
/hc/en-gb/articles/8117557125391,2,1,2,10,4,0,0
/hc/en-gb/articles/8117557125391,2,1,2,0,5,0,0
/hc/en-gb/articles/8358981393551,2,1,2,0,5,0,0
/hc/en-gb/articles/8422683604367,2,1,2,2,6,0,0
/hc/en-gb/articles/MzYwMDAwMT,2,2,1,0,6,0,0
/hc/en-gb/requests,2,1,2,11,4,0,0
"/hc/en-gb/requests,57034",2,1,2,0,2,0,0
/hc/en-gb/requests,2,2,1,129.5,8,0,0
/hc/en-gb/requests,2,1,2,2,5,0,0
/hc/en-gb/requests,2,1,2,13,4,0,0
/hc/en-gb/requests,2,1,2,23,5,0,0
/hc/en-gb/requests,2,1,2,17,4,0,0
/hc/en-gb/requests,2,1,2,38,4,0,0
/hc/en-gb/requests,2,1,2,16,4,0,0
/hc/en-gb/requests,2,1,2,41,5,0,0
/hc/en-gb/requests,2,1,2,531,6,0,0
/hc/en-gb/requests,2,1,2,29,6,0,0
/hc/en-gb/requests,2,1,2,311,4,0,0
/hc/en-gb/requests,2,1,2,10,4,0,0
/hc/en-gb/requests,2,1,2,48,3,0,0
/hc/en-gb/requests,2,1,2,5,6,0,0
/hc/en-gb/requests,2,1,2,451,4,0,0
/hc/en-gb/requests,2,1,2,92,3,0,0
/hc/en-gb/requests,2,1,2,26,4,0,0
/hc/en-gb/requests,2,1,2,12,3,0,0
/hc/en-gb/requests,2,1,2,225,5,0,0
/hc/en-gb/requests,2,1,2,98,5,0,0
/hc/en-gb/requests,2,1,2,66,4,0,0
/hc/en-gb/requests,2,1,2,521,4,0,0
/hc/en-gb/requests,2,1,2,37,4,0,0
/hc/en-gb/requests,2,2,1,42.5,4,0,0
/hc/en-gb/requests,2,1,2,68,7,0,0
/hc/en-gb/requests,2,1,2,25,4,0,0
/hc/en-gb/requests,2,1,2,14,6,0,0
/hc/en-gb/requests,2,2,1,23,4,0,0
/hc/en-gb/requests,2,1,2,62,4,0,0
/hc/en-gb/requests,2,2,1,32,3,0,0
/hc/en-gb/requests,2,1,2,14,5,0,0
/hc/en-gb/requests,2,1,2,3,5,0,0
/hc/en-gb/requests,2,1,2,29,5,0,0
/hc/en-gb/requests,2,1,2,1,4,0,0
/hc/en-gb/requests,2,1,2,440,3,0,0
/hc/en-gb/requests,2,1,2,22,5,0,0
/hc/en-gb/requests,2,1,2,66,4,0,0
/hc/en-gb/requests,2,1,2,28,3,0,0
/hc/en-gb/requests,2,1,2,35,5,0,0
/hc/en-gb/requests,2,1,2,70,6,0,0
/hc/en-gb/requests,2,1,2,15,3,0,0
/hc/en-gb/requests,2,1,2,22,5,0,0
/hc/en-gb/requests,2,1,2,77,4,0,0
/hc/en-gb/requests,2,1,2,604,6,0,0
/hc/en-gb/requests,2,2,1,26,5,0,0
/hc/en-gb/requests,2,1,2,40,6,0,0
/hc/en-gb/requests,2,1,2,23,4,0,0
/hc/en-gb/requests,2,1,2,10,5,0,0
/hc/en-gb/requests,2,1,2,43,3,0,0
/hc/en-gb/requests,2,2,1,43.5,4,0,0
/hc/en-gb/requests,2,1,2,89,4,0,0
/hc/en-gb/requests,2,1,2,0,2,0,0
/hc/en-gb/requests,2,1,2,63,4,0,0
/hc/en-gb/requests,2,1,2,28,4,0,0
/hc/en-gb/requests,2,2,1,30.5,5,0,0
/hc/en-gb/requests,2,1,2,76,4,0,0
/hc/en-gb/requests,2,1,2,8,6,0,0
/hc/en-gb/requests,2,1,2,39,4,0,0
/hc/en-gb/requests,2,1,2,78,4,0,0
/hc/en-gb/requests,2,1,2,67,6,0,0
/hc/en-gb/requests,2,1,2,197,6,0,0
/hc/en-gb/requests,2,1,2,36,5,0,0
/hc/en-gb/requests,2,1,2,94,5,0,0
/hc/en-gb/requests,2,1,2,197,4,0,0
/hc/en-gb/requests,2,1,2,48,5,0,0
/hc/en-gb/requests,2,1,2,0,3,0,0
/hc/en-gb/requests,2,1,2,82,4,0,0
/hc/en-gb/requests,2,1,2,2,3,0,0
/hc/en-gb/requests,2,1,2,8,7,0,0
/hc/en-gb/requests,2,1,2,87,4,0,0
/hc/en-gb/requests,2,1,2,238,5,0,0
/hc/en-gb/requests,2,1,2,38,3,0,0
/hc/en-gb/requests,2,2,1,40.5,4,0,0
/hc/en-gb/requests,2,1,2,24,4,0,0
/hc/en-gb/requests,2,1,2,67,4,0,0
/hc/en-gb/requests,2,1,2,20,4,0,0
/hc/en-gb/requests,2,1,2,34,6,0,0
/hc/en-gb/requests,2,1,2,11,4,0,0
/hc/en-gb/requests,2,1,2,20,5,0,0
/hc/en-gb/requests,2,1,2,34,6,0,0
/hc/en-gb/requests,2,1,2,29,5,0,0
/hc/en-gb/requests,2,1,2,61,5,0,0
/hc/en-gb/requests,2,1,2,38,6,0,0
/hc/en-gb/requests,2,1,2,181,6,0,0
/hc/en-gb/requests,2,1,2,22,4,0,0
/hc/en-gb/requests,2,1,2,47,4,0,0
/hc/en-gb/requests,2,1,2,131,3,0,0
/hc/en-gb/requests,2,1,2,6,5,0,0
/hc/en-gb/requests,2,1,2,131,9,0,0
/hc/en-gb/requests,2,1,2,50,6,0,0
/hc/en-gb/requests,2,1,2,190,5,0,0
/hc/en-gb/requests,2,1,2,117,4,0,0
/hc/en-gb/requests,2,1,2,12,5,0,0
/hc/en-gb/requests,2,2,1,9.5,3,0,0
/hc/en-gb/requests,2,1,2,567,4,0,0
/hc/en-gb/requests,2,1,2,164,4,0,0
/hc/en-gb/requests,2,2,1,8,4,0,0
/hc/en-gb/requests,2,1,2,3,3,0,0
/hc/en-gb/requests,2,1,2,0,2,0,0
/hc/en-gb/requests,2,1,2,13,4,0,0
/hc/en-gb/requests,2,1,2,91,5,0,0
/hc/en-gb/requests,2,1,2,798,4,0,0
/hc/en-gb/requests,2,1,2,29,4,0,0
/hc/en-gb/requests,2,1,2,206,4,0,0
/hc/en-gb/requests,2,1,2,6,4,0,0
/hc/en-gb/requests,2,1,2,53,6,0,0
/hc/en-gb/requests,2,1,2,43,4,0,0
/hc/en-gb/requests,2,1,2,14,6,0,0
/hc/en-gb/requests,2,1,2,38,3,0,0
/hc/en-gb/requests,2,1,2,32,4,0,0
/hc/en-gb/requests,2,1,2,20,5,0,0
/hc/en-gb/requests,2,1,2,73,3,0,0
/hc/en-gb/requests,2,1,2,32,5,0,0
/hc/en-gb/requests,2,1,2,0,2,0,0
/hc/en-gb/requests,2,1,2,123,6,0,0
/hc/en-gb/requests,2,1,2,31,6,0,0
/hc/en-gb/requests,2,1,2,25,4,0,0
/hc/en-gb/requests,2,1,2,2,4,0,0
/hc/en-gb/requests,2,1,2,39,5,0,0
/hc/en-gb/requests,2,1,2,61,4,0,0
/hc/en-gb/requests,2,1,2,13,4,0,0
/hc/en-gb/requests,2,1,2,15,5,0,0
/hc/en-gb/sections/360000030876,2,2,1,9.5,6,0,0
/hc/en-gb/sections/360000035215,2,1,2,30,4,0,0
/hc/en-gb/sections/360000502675,2,2,1,5,4,0,0
/hc/en-gb/sections/7348891753487,2,1,2,6,4,0,0
/hc/en-gb/sections/7348936006031,2,2,1,3,4,0,0
/hc/en-gb/sections/AlphaFold2DB/2023,2,2,1,1.5,4,0,0
/password/reset/,2,1,2,5,4,0,0
/dashboard,1,1,1,5,2,0,0
/hc/articles/360001162856,1,1,1,3,3,0,0
/hc/en-gb',1,1,1,2,3,0,0
/hc/en-gb/articles/115000194910,1,1,1,0,3,0,0
/hc/en-gb/articles/209379527,1,1,1,14,3,0,0
/hc/en-gb/articles/209379527,1,1,1,0,1,0,0
/hc/en-gb/articles/212639047,1,1,1,2,2,0,0
/hc/en-gb/articles/212642617,1,1,1,0,3,0,0
/hc/en-gb/articles/218032857,1,1,1,1,2,0,0
/hc/en-gb/articles/360000202575,1,1,1,0,3,0,0
/hc/en-gb/articles/360000203776,1,1,1,8,2,0,0
/hc/en-gb/articles/360000203776,1,1,1,14,2,0,0
/hc/en-gb/articles/360000204076,1,1,1,28,3,0,0
/hc/en-gb/articles/360000204076,1,1,1,77,2,0,0
/hc/en-gb/articles/360000204076,1,1,1,0,1,0,0
/hc/en-gb/articles/360000204076,1,1,1,0,1,0,0
/hc/en-gb/articles/360000204076,1,1,1,0,1,0,0
/hc/en-gb/articles/360000204076,1,1,1,0,1,0,0
/hc/en-gb/articles/360000204076,1,1,1,0,1,0,0
/hc/en-gb/articles/360000204715,1,1,1,0,3,0,0
/hc/en-gb/articles/360000205215,1,1,1,6,4,0,0
/hc/en-gb/articles/360000205435,1,1,1,59,4,0,0
/hc/en-gb/articles/360000207315,1,1,1,5,3,0,0
/hc/en-gb/articles/360000207355,1,1,1,5,3,0,0
/hc/en-gb/articles/360000217915,1,1,1,23,4,0,0
/hc/en-gb/articles/360000335995,1,1,1,2,4,0,0
/hc/en-gb/articles/360000443735,1,1,1,0,3,0,0
/hc/en-gb/articles/360000452296,1,1,1,0,1,0,0
/hc/en-gb/articles/360000470655,1,1,1,4,2,0,0
/hc/en-gb/articles/360000550416,1,1,1,8,2,0,0
/hc/en-gb/articles/360000552035,1,1,1,23,2,0,0
/hc/en-gb/articles/360000562016,1,1,1,0,3,0,0
/hc/en-gb/articles/360000578455,1,1,1,4,2,0,0
/hc/en-gb/articles/360000584256,1,1,1,0,3,0,0
/hc/en-gb/articles/360000624696,1,1,1,8,4,0,0
/hc/en-gb/articles/360000624696,1,1,1,6,2,0,0
/hc/en-gb/articles/360000624696,1,1,1,12,2,0,0
/hc/en-gb/articles/360000686035,1,1,1,2,2,0,0
/hc/en-gb/articles/360000691696,1,1,1,7,3,0,0
/hc/en-gb/articles/360000812776,1,1,1,0,3,0,0
/hc/en-gb/articles/360000929935,1,1,1,21,3,0,0
/hc/en-gb/articles/360000931775,1,1,1,46,4,0,0
/hc/en-gb/articles/360001053675,1,1,1,18,3,0,0
/hc/en-gb/articles/360001053675,1,1,1,0,1,0,0
/hc/en-gb/articles/360001070496,1,1,1,0,3,0,0
/hc/en-gb/articles/360001131076,1,1,1,9,2,0,0
/hc/en-gb/articles/360001206795,1,1,1,0,3,0,0
/hc/en-gb/articles/360001287235,1,1,1,0,3,0,0
/hc/en-gb/articles/360001298595,1,1,1,52,3,0,0
/hc/en-gb/articles/3600015085,1,1,1,28,5,0,0
/hc/en-gb/articles/360001508515,1,1,1,1,4,0,0
/hc/en-gb/articles/360001514795,1,1,1,14,2,0,0
/hc/en-gb/articles/360001580415,1,1,1,11,3,0,0
/hc/en-gb/articles/360001584875,1,1,1,5,2,0,0
/hc/en-gb/articles/360001829555,1,1,1,8,2,0,0
/hc/en-gb/articles/360002655596,1,1,1,4,3,0,0
/hc/en-gb/articles/360003551116,1,1,1,8,2,0,0
/hc/en-gb/articles/360004558895,1,1,1,38,2,0,0
/hc/en-gb/articles/360004559095,1,1,1,13,2,0,0
/hc/en-gb/articles/3600360000163575,1,1,1,0,3,0,0
/hc/en-gb/articles/4402140392207,1,1,1,2,4,0,0
/hc/en-gb/articles/4403008253071,1,1,1,2,4,0,0
/hc/en-gb/articles/4405263435535,1,1,1,3,4,0,0
/hc/en-gb/articles/4406437093007,1,1,1,2,4,0,0
/hc/en-gb/articles/4406923475471,1,1,1,2,2,0,0
/hc/en-gb/articles/4409792460815,1,1,1,1,4,0,0
/hc/en-gb/articles/4410660298383,1,1,1,4,3,0,0
/hc/en-gb/articles/4411644471823,1,1,1,13,2,0,0
/hc/en-gb/articles/4831190112015,1,1,1,6,2,0,0
/hc/en-gb/articles/4963040656783,1,1,1,4,2,0,0
/hc/en-gb/articles/5002335382543,1,1,1,8,3,0,0
/hc/en-gb/articles/5104523337231,1,1,1,10,4,0,0
/hc/en-gb/articles/5203098823695,1,1,1,13,2,0,0
/hc/en-gb/articles/5203098823695,1,1,1,5,2,0,0
/hc/en-gb/articles/5209502688655,1,1,1,4,2,0,0
/hc/en-gb/articles/5292628239375,1,1,1,11,2,0,0
/hc/en-gb/articles/5300908636815,1,1,1,0,3,0,0
/hc/en-gb/articles/6325030048655,1,1,1,16,2,0,0
/hc/en-gb/articles/7348919239695,1,1,1,26,2,0,0
/hc/en-gb/articles/7349178188943,1,1,1,4,2,0,0
/hc/en-gb/articles/8117557125391,1,1,1,5,2,0,0
/hc/en-gb/articles/8117557125391,1,1,1,27,2,0,0
/hc/en-gb/articles/8117557125391,1,1,1,7,2,0,0
/hc/en-gb/articles/8117557125391,1,1,1,155,3,0,0
/hc/en-gb/articles/8117557125391,1,1,1,13,2,0,0
/hc/en-gb/articles/8117557125391,1,1,1,6,3,0,0
/hc/en-gb/articles/8117557125391,1,1,1,10,2,0,0
/hc/en-gb/articles/8117557125391,1,1,1,191,4,0,0
/hc/en-gb/articles/8137408794511,1,1,1,0,2,0,0
/hc/en-gb/articles/8202966997775,1,1,1,17,2,0,0
/hc/en-gb/articles/8404976000399,1,1,1,5,2,0,0
/hc/en-gb/articles/8817840423439,1,1,1,2,3,0,0
/hc/en-gb/articles/8817840423439,1,1,1,0,1,0,0
/hc/en-gb/articles/8817840423439,1,1,1,0,1,0,0
/hc/en-gb/articles/8817840423439,1,1,1,0,1,0,0
/hc/en-gb/articles/8817840423439,1,1,1,1,3,0,0
/hc/en-gb/articles/8817840423439,1,1,1,1,4,0,0
/hc/en-gb/articles/MzYwMDAwMj,1,1,1,0,3,0,0
/hc/en-gb/articles/MzYwMDAwNj,1,1,1,10,2,0,0
"/hc/en-gb/requests,46137",1,1,1,0,1,0,0
"/hc/en-gb/requests,56850",1,1,1,2,2,0,0
"/hc/en-gb/requests,57203",1,1,1,1,2,0,0
"/hc/en-gb/requests,57805",1,1,1,2,2,0,0
"/hc/en-gb/requests,58086",1,1,1,1515,3,0,0
"/hc/en-gb/requests,58188",1,0,0,0,2,0,0
"/hc/en-gb/requests,58381",1,1,1,24,2,0,0
/hc/en-gb/requests,1,1,1,97,2,0,0
/hc/en-gb/requests,1,1,1,16,2,0,0
/hc/en-gb/requests,1,1,1,3,2,0,0
/hc/en-gb/requests,1,1,1,0,1,0,0
/hc/en-gb/requests,1,1,1,35,2,0,0
/hc/en-gb/requests,1,1,1,3,2,0,0
/hc/en-gb/requests,1,1,1,7,2,0,0
/hc/en-gb/requests,1,1,1,21,2,0,0
/hc/en-gb/requests,1,1,1,12,2,0,0
/hc/en-gb/requests,1,1,1,32,2,0,0
/hc/en-gb/requests,1,1,1,10,3,0,0
/hc/en-gb/requests,1,1,1,16,2,0,0
/hc/en-gb/requests,1,1,1,7,2,0,0
/hc/en-gb/requests,1,1,1,1,2,0,0
/hc/en-gb/requests,1,1,1,10,4,0,0
/hc/en-gb/requests,1,1,1,25,2,0,0
/hc/en-gb/requests,1,1,1,7,2,0,0
/hc/en-gb/requests,1,1,1,0,3,0,0
/hc/en-gb/requests,1,1,1,36,2,0,0
/hc/en-gb/requests,1,1,1,46,2,0,0
/hc/en-gb/requests,1,1,1,109,2,0,0
/hc/en-gb/requests,1,1,1,25,2,0,0
/hc/en-gb/requests,1,1,1,7,2,0,0
/hc/en-gb/requests,1,1,1,3,2,0,0
/hc/en-gb/requests,1,1,1,10,2,0,0
/hc/en-gb/requests,1,1,1,0,1,0,0
/hc/en-gb/requests,1,1,1,18,2,0,0
/hc/en-gb/requests,1,1,1,9,2,0,0
/hc/en-gb/requests,1,1,1,80,3,0,0
/hc/en-gb/requests,1,1,1,7,2,0,0
/hc/en-gb/requests,1,1,1,45,2,0,0
/hc/en-gb/requests,1,1,1,21,2,0,0
/hc/en-gb/requests,1,1,1,61,2,0,0
/hc/en-gb/requests,1,1,1,5,2,0,0
/hc/en-gb/requests,1,1,1,4,2,0,0
/hc/en-gb/requests,1,1,1,4,2,0,0
/hc/en-gb/requests,1,1,1,5,2,0,0
/hc/en-gb/requests,1,1,1,0,1,0,0
/hc/en-gb/requests,1,1,1,0,3,0,0
/hc/en-gb/requests,1,1,1,0,1,0,0
/hc/en-gb/requests,1,1,1,201,2,0,0
/hc/en-gb/requests,1,1,1,33,2,0,0
/hc/en-gb/requests,1,1,1,0,3,0,0
/hc/en-gb/requests,1,1,1,38,2,0,0
/hc/en-gb/requests,1,1,1,2,4,0,0
/hc/en-gb/requests,1,1,1,4,2,0,0
/hc/en-gb/requests,1,1,1,8,3,0,0
/hc/en-gb/requests,1,1,1,5,2,0,0
/hc/en-gb/requests,1,1,1,91,2,0,0
/hc/en-gb/requests,1,1,1,219,4,0,0
/hc/en-gb/requests,1,1,1,13,2,0,0
/hc/en-gb/requests,1,1,1,26,2,0,0
/hc/en-gb/requests,1,1,1,0,3,0,0
/hc/en-gb/requests,1,1,1,0,1,0,0
/hc/en-gb/requests,1,1,1,19,2,0,0
/hc/en-gb/requests,1,1,1,20,2,0,0
/hc/en-gb/requests,1,1,1,18,2,0,0
/hc/en-gb/requests,1,1,1,4,2,0,0
/hc/en-gb/requests,1,1,1,36,3,0,0
/hc/en-gb/requests,1,1,1,0,3,0,0
/hc/en-gb/requests,1,1,1,3,2,0,0
/hc/en-gb/requests,1,1,1,25,2,0,0
/hc/en-gb/requests,1,1,1,10,3,0,0
/hc/en-gb/requests,1,1,1,18,3,0,0
/hc/en-gb/requests,1,1,1,8,2,0,0
/hc/en-gb/requests,1,1,1,38,2,0,0
/hc/en-gb/requests,1,1,1,19,2,0,0
/hc/en-gb/requests,1,1,1,31,2,0,0
/hc/en-gb/requests,1,1,1,15,2,0,0
/hc/en-gb/requests,1,1,1,10,2,0,0
/hc/en-gb/requests,1,1,1,0,3,0,0
/hc/en-gb/requests,1,1,1,0,3,0,0
/hc/en-gb/requests,1,1,1,6,2,0,0
/hc/en-gb/requests,1,1,1,0,1,0,0
/hc/en-gb/requests,1,1,1,19,2,0,0
/hc/en-gb/requests,1,1,1,23,2,0,0
/hc/en-gb/requests,1,1,1,24,3,0,0
/hc/en-gb/requests,1,1,1,10,2,0,0
/hc/en-gb/requests,1,1,1,0,3,0,0
/hc/en-gb/requests,1,1,1,0,1,0,0
/hc/en-gb/requests,1,1,1,0,3,0,0
/hc/en-gb/requests,1,1,1,0,3,0,0
/hc/en-gb/requests,1,1,1,1,2,0,0
/hc/en-gb/requests,1,1,1,9,2,0,0
/hc/en-gb/requests,1,1,1,35,2,0,0
/hc/en-gb/requests,1,1,1,43,3,0,0
/hc/en-gb/requests,1,1,1,23,2,0,0
/hc/en-gb/requests,1,1,1,6,2,0,0
/hc/en-gb/requests,1,0,0,0,4,0,0
/hc/en-gb/requests,1,1,1,22,2,0,0
/hc/en-gb/requests,1,1,1,7,2,0,0
/hc/en-gb/requests,1,1,1,19,2,0,0
/hc/en-gb/requests,1,1,1,0,3,0,0
/hc/en-gb/requests,1,1,1,3,4,0,0
/hc/en-gb/requests,1,1,1,0,1,0,0
/hc/en-gb/requests,1,1,1,0,3,0,0
/hc/en-gb/requests,1,1,1,4,2,0,0
/hc/en-gb/requests,1,1,1,1,3,0,0
/hc/en-gb/requests,1,1,1,6,2,0,0
/hc/en-gb/requests,1,1,1,0,1,0,0
/hc/en-gb/requests,1,1,1,3,2,0,0
/hc/en-gb/requests,1,1,1,0,1,0,0
/hc/en-gb/requests,1,1,1,0,3,0,0
/hc/en-gb/requests,1,1,1,14,2,0,0
/hc/en-gb/requests,1,1,1,56,3,0,0
/hc/en-gb/requests,1,1,1,0,1,0,0
/hc/en-gb/requests,1,1,1,72,5,0,0
/hc/en-gb/requests,1,1,1,45,2,0,0
/hc/en-gb/requests,1,1,1,10,2,0,0
/hc/en-gb/requests,1,1,1,13,2,0,0
/hc/en-gb/requests,1,1,1,10,2,0,0
/hc/en-gb/requests,1,1,1,38,3,0,0
/hc/en-gb/requests,1,1,1,208,2,0,0
/hc/en-gb/requests,1,1,1,18,2,0,0
/hc/en-gb/requests,1,1,1,7,2,0,0
/hc/en-gb/requests,1,1,1,4,2,0,0
/hc/en-gb/requests,1,1,1,0,3,0,0
/hc/en-gb/requests,1,1,1,0,1,0,0
/hc/en-gb/requests,1,1,1,39,2,0,0
/hc/en-gb/requests,1,1,1,9,2,0,0
/hc/en-gb/requests,1,1,1,0,2,0,0
/hc/en-gb/requests,1,1,1,46,2,0,0
/hc/en-gb/requests,1,1,1,39,2,0,0
/hc/en-gb/requests,1,1,1,7,4,0,0
/hc/en-gb/requests,1,1,1,0,3,0,0
/hc/en-gb/requests,1,1,1,276,3,0,0
/hc/en-gb/requests,1,1,1,19,2,0,0
/hc/en-gb/requests,1,1,1,4,2,0,0
/hc/en-gb/requests,1,1,1,23,2,0,0
/hc/en-gb/requests,1,1,1,0,3,0,0
/hc/en-gb/requests,1,1,1,48,2,0,0
/hc/en-gb/requests,1,1,1,20,2,0,0
/hc/en-gb/requests,1,1,1,23,2,0,0
/hc/en-gb/requests,1,1,1,5,3,0,0
/hc/en-gb/requests,1,1,1,52,2,0,0
/hc/en-gb/requests,1,1,1,5,2,0,0
/hc/en-gb/requests,1,1,1,5,2,0,0
/hc/en-gb/requests,1,1,1,5,4,0,0
/hc/en-gb/requests,1,1,1,2,2,0,0
/hc/en-gb/requests,1,1,1,0,1,0,0
/hc/en-gb/requests,1,1,1,43,3,0,0
/hc/en-gb/requests,1,1,1,3,2,0,0
/hc/en-gb/requests,1,1,1,14,2,0,0
/hc/en-gb/requests,1,1,1,0,3,0,0
/hc/en-gb/requests,1,1,1,10,2,0,0
/hc/en-gb/requests,1,1,1,73,2,0,0
/hc/en-gb/requests,1,1,1,33,2,0,0
/hc/en-gb/requests,1,1,1,0,1,0,0
/hc/en-gb/requests,1,1,1,20,2,0,0
/hc/en-gb/requests,1,1,1,15,3,0,0
/hc/en-gb/requests,1,1,1,0,1,0,0
/hc/en-gb/requests,1,1,1,0,3,0,0
/hc/en-gb/requests,1,1,1,54,2,0,0
/hc/en-gb/requests,1,1,1,0,1,0,0
/hc/en-gb/requests,1,1,1,0,3,0,0
/hc/en-gb/requests,1,1,1,0,1,0,0
/hc/en-gb/requests,1,1,1,4,2,0,0
/hc/en-gb/requests,1,1,1,27,2,0,0
/hc/en-gb/requests,1,1,1,8,2,0,0
/hc/en-gb/requests,1,1,1,0,3,0,0
/hc/en-gb/requests,1,1,1,12,2,0,0
/hc/en-gb/requests,1,1,1,4,2,0,0
/hc/en-gb/requests,1,1,1,0,1,0,0
/hc/en-gb/requests,1,1,1,21,4,0,0
/hc/en-gb/requests,1,1,1,22,2,0,0
/hc/en-gb/requests,1,1,1,7,2,0,0
/hc/en-gb/requests,1,1,1,15,3,0,0
/hc/en-gb/requests,1,1,1,42,2,0,0
/hc/en-gb/requests,1,1,1,10,2,0,0
/hc/en-gb/requests,1,1,1,27,2,0,0
/hc/en-gb/requests,1,1,1,0,1,0,0
/hc/en-gb/requests,1,1,1,37,2,0,0
/hc/en-gb/requests,1,1,1,92,3,0,0
/hc/en-gb/requests,1,1,1,38,3,0,0
/hc/en-gb/requests,1,1,1,3,4,0,0
/hc/en-gb/requests,1,1,1,28,2,0,0
/hc/en-gb/requests,1,1,1,7,3,0,0
/hc/en-gb/requests,1,1,1,0,3,0,0
/hc/en-gb/requests,1,1,1,0,4,0,0
/hc/en-gb/requests,1,1,1,18,4,0,0
/hc/en-gb/requests,1,1,1,13,2,0,0
/hc/en-gb/requests,1,1,1,33,2,0,0
/hc/en-gb/requests,1,1,1,2,3,0,0
/hc/en-gb/requests,1,1,1,2,2,0,0
/hc/en-gb/requests,1,1,1,0,1,0,0
/hc/en-gb/requests,1,1,1,5,3,0,0
/hc/en-gb/requests,1,1,1,10,2,0,0
/hc/en-gb/requests,1,1,1,7,2,0,0
/hc/en-gb/requests,1,1,1,4,2,0,0
/hc/en-gb/requests,1,1,1,0,3,0,0
/hc/en-gb/requests,1,1,1,0,1,0,0
/hc/en-gb/requests,1,1,1,15,3,0,0
/hc/en-gb/requests,1,1,1,8,3,0,0
/hc/en-gb/requests,1,1,1,15,2,0,0
/hc/en-gb/requests,1,1,1,11,2,0,0
/hc/en-gb/requests,1,1,1,0,3,0,0
/hc/en-gb/requests,1,1,1,0,3,0,0
/hc/en-gb/requests,1,1,1,5,2,0,0
/hc/en-gb/requests,1,1,1,3,2,0,0
/hc/en-gb/requests,1,1,1,9,2,0,0
/hc/en-gb/requests,1,1,1,7,2,0,0
/hc/en-gb/requests,1,1,1,0,1,0,0
/hc/en-gb/requests,1,1,1,22,4,0,0
/hc/en-gb/requests,1,1,1,61,2,0,0
/hc/en-gb/requests,1,1,1,37,2,0,0
/hc/en-gb/requests,1,1,1,0,1,0,0
/hc/en-gb/requests,1,1,1,0,3,0,0
/hc/en-gb/requests,1,1,1,28,5,0,0
/hc/en-gb/requests,1,1,1,37,2,0,0
/hc/en-gb/requests,1,1,1,0,1,0,0
/hc/en-gb/requests,1,1,1,1,2,0,0
/hc/en-gb/requests,1,1,1,15,2,0,0
/hc/en-gb/requests,1,1,1,15,2,0,0
/hc/en-gb/requests,1,1,1,12,2,0,0
/hc/en-gb/requests,1,1,1,4,2,0,0
/hc/en-gb/requests,1,1,1,25,2,0,0
/hc/en-gb/requests,1,1,1,10,2,0,0
/hc/en-gb/requests,1,1,1,9,2,0,0
/hc/en-gb/requests,1,1,1,4,2,0,0
/hc/en-gb/requests,1,1,1,30,2,0,0
/hc/en-gb/requests,1,1,1,37,3,0,0
/hc/en-gb/requests,1,1,1,11,2,0,0
/hc/en-gb/requests,1,1,1,9,2,0,0
/hc/en-gb/requests,1,1,1,7,2,0,0
/hc/en-gb/requests,1,1,1,1,2,0,0
/hc/en-gb/requests,1,1,1,11,2,0,0
/hc/en-gb/requests,1,1,1,38,2,0,0
/hc/en-gb/requests,1,1,1,59,2,0,0
/hc/en-gb/requests,1,1,1,15,2,0,0
/hc/en-gb/requests,1,1,1,10,2,0,0
/hc/en-gb/requests,1,1,1,0,1,0,0
/hc/en-gb/requests,1,1,1,50,2,0,0
/hc/en-gb/requests,1,1,1,0,3,0,0
/hc/en-gb/requests,1,1,1,5,2,0,0
/hc/en-gb/requests,1,1,1,17,2,0,0
/hc/en-gb/requests,1,1,1,13,2,0,0
/hc/en-gb/requests,1,1,1,0,3,0,0
/hc/en-gb/requests,1,1,1,0,3,0,0
/hc/en-gb/requests,1,1,1,8,2,0,0
/hc/en-gb/requests,1,1,1,9,3,0,0
/hc/en-gb/requests,1,1,1,8,2,0,0
/hc/en-gb/requests,1,1,1,27,2,0,0
/hc/en-gb/requests,1,1,1,6,3,0,0
/hc/en-gb/requests,1,1,1,7,2,0,0
/hc/en-gb/requests,1,1,1,19,2,0,0
/hc/en-gb/requests,1,1,1,19,2,0,0
/hc/en-gb/requests,1,1,1,12,2,0,0
/hc/en-gb/requests,1,1,1,0,1,0,0
/hc/en-gb/requests,1,1,1,0,4,0,0
/hc/en-gb/requests,1,1,1,10,3,0,0
/hc/en-gb/requests,1,1,1,46,2,0,0
/hc/en-gb/requests,1,1,1,0,3,0,0
/hc/en-gb/requests,1,1,1,17,2,0,0
/hc/en-gb/requests,1,1,1,7,2,0,0
/hc/en-gb/requests,1,1,1,18,2,0,0
/hc/en-gb/requests,1,1,1,0,1,0,0
/hc/en-gb/requests,1,1,1,4,2,0,0
/hc/en-gb/requests,1,1,1,32,3,0,0
/hc/en-gb/requests,1,1,1,25,2,0,0
/hc/en-gb/requestsnesi%20profile,1,1,1,2,2,0,0
/hc/en-gb/sections/360000040036,1,1,1,3,2,0,0
/hc/en-gb/sections/360000189696,1,1,1,8,4,0,0
/hc/en-gb/sections/360000224835,1,1,1,2,2,0,0
/hc/en-gb/sections/36000,1,1,1,3,2,0,0
/hc/en-gb/sections/5203123172239,1,1,1,2,2,0,0
/hc/en-gb/sections/7348925662223,1,1,1,3,2,0,0
/hc/en-gb/sections/basilisk.fr,1,1,1,1,2,0,0
/hc/en=,1,1,1,6,5,0,0
/hc/profiles/8810175084559,1,1,1,6,2,0,0
/hc/profiles/9260689984143,1,1,1,1,2,0,0
/he/en-gb,1,1,1,2,4,0,0
/hi/en-go/articles/212639047,1,1,1,14,4,0,0
/search,1,1,1,96,6,0,0